n_s,log_A_s,omega_b,omega_cdm,tau
0.9649967813185433,3.1421841682340372,0.02105028280416018,0.13698953947956413,0.03154764556630281
0.9484007313294509,3.0915858290447016,0.021000427871389445,0.11698807829550988,0.038113740351552614
0.977908876059273,2.9918109852516728,0.02262071226975984,0.11741265857580094,0.06296391464502932
0.9564331828383464,3.1037668122819477,0.021037872365487792,0.1337475855324201,0.03523420839002195
0.9921172573677974,3.0676468211047805,0.02019205860395121,0.11909160318318017,0.05358054041257315
0.9498341608387644,3.072729991849441,0.021485912392468425,0.124607685657619,0.034782923776168935
0.9775676571353228,3.052254873540135,0.020177348349283725,0.1349394431044095,0.04351326110471811
0.9810343158592274,3.0522305117741997,0.021289048590147547,0.12211659635976424,0.06643325465013294
0.9643468854424337,2.9591250982705914,0.020454599469795998,0.1316553145003793,0.04627919350496512
0.9808358570692751,3.0733418782431454,0.02193342334379214,0.11879476256744037,0.056371506187909766
0.9937240027539257,2.9863988956595375,0.020952426151244995,0.13054002723715113,0.04040737086553434
0.9819765781290694,3.0544311626336693,0.021080862517608094,0.1265279030450281,0.0498971367481616
0.9940099479111463,3.1339293355690785,0.023208869527787036,0.13869852501713878,0.037584132041999986
0.9475133926179802,2.9455161189258883,0.022467392099803876,0.1323045377324815,0.0696640820652692
0.9586535624598154,3.097488720703441,0.023880293193853465,0.11970149090771202,0.057973542431457775
0.9525315584832393,2.935955960936335,0.020326676166970547,0.13795164451771488,0.07613040254477235
0.9480500705937901,2.908789041970784,0.02295237195923067,0.12067749540620139,0.07149943219817165
0.9898872985641767,3.0227416460974106,0.022425076245539497,0.13056258092331452,0.05976247388062242
0.9539754306369186,3.1268455519437386,0.020099107687448853,0.13817928468160856,0.0508924621977713
0.9920310915222065,2.944795728108417,0.02194982470016137,0.1321682299114682,0.07617595255838627
0.9684427425792788,3.0140450439299284,0.021295468260077083,0.13887546235433978,0.04555553122740085
0.9868084932943252,2.9741825957746784,0.02307545551687631,0.11776855413556771,0.0722774349400864
0.941846326711305,2.902819645495281,0.0201653880867517,0.12931131170646587,0.05742058068042652
0.9965543015714773,3.195686222070525,0.020708561074088097,0.1366635186044034,0.03973431727898244
0.9884024770609326,3.130002523009767,0.02146783111135772,0.11018876288896744,0.07457395964565344
0.9850151802754227,2.9941505208181503,0.021067710951622267,0.12732344895548417,0.07056030888569556
0.9888348822109438,2.9909112319822433,0.0239168378777206,0.12494979695293199,0.06631022711271298
0.944799315883869,3.177956216118014,0.023867035393126117,0.11949825897159125,0.060422931750001935
0.9688454002500748,3.105426393950847,0.02387812434709005,0.13153142407921437,0.07821316276497359
0.9487519907301072,3.1341002646503986,0.020978958655195057,0.12701841632809543,0.05764945969800299
0.9659852112422741,3.103865575884224,0.022091719501822003,0.13453168945784694,0.07654728560647162
0.9571698327972088,3.0432078149324244,0.022082681154730617,0.1137090950807857,0.06863078381270206
0.9422467677716213,3.042062598223229,0.02047753957201821,0.11116943881165736,0.06753612868826522
0.9841488723314841,3.11527553153853,0.023050383497055873,0.12574524291660766,0.032576177515123254
0.9666312724648558,3.176822741430615,0.021897488069818866,0.1389959593464493,0.038445884804560446
0.9858986526814182,2.9044347354409994,0.022654015248871888,0.11634662484100618,0.07663128479951359
0.9899232762252737,3.0945659830040455,0.021376962283279226,0.13585526106422255,0.031205699689197224
0.9524001501621049,3.1846439513406692,0.022303811066663876,0.11535879815582976,0.049443438487101934
0.956441895605484,2.955463854413749,0.02092375448413518,0.13935753330991815,0.06287116789208438
0.9804346219507553,3.168860092581272,0.020600250875918324,0.11629705348001429,0.056742241908177504
0.9842866778548528,2.907954226036091,0.020778998517627597,0.13387784153746174,0.04602465159280729
0.9675331103191,3.018930226667332,0.021742644682652773,0.12807317251243058,0.06941234175170949
0.9477791721269306,3.143062832508617,0.02214360044869668,0.11966293813210727,0.04758211482175961
0.9496378304798825,2.9665803413372664,0.0221597524923927,0.13371608656173492,0.03391506054515438
0.9952209715392466,2.9806267123931973,0.020684674271574475,0.1382756656511443,0.035567838844327945
0.9521822557471206,2.946646271076292,0.021740889603915348,0.11806049037332479,0.03072235256490623
0.9947157898120881,3.1775871328521026,0.022058067536175716,0.1325660593617015,0.032001674419459995
0.9726458691725316,3.152079892759767,0.020264430473101495,0.13963973244824035,0.055897271400080856
0.9434251171415534,3.128480477436751,0.022453534718516067,0.11209203845614102,0.057359849604482496
0.9732139678313867,3.025909533926399,0.023897174856861454,0.1397693872393489,0.04003935294784066
0.9847704420692326,3.0243698764052374,0.02241909220623585,0.13105628240655573,0.06449408344092505
0.9568976195715927,3.1191775146854863,0.02291378944384029,0.12087400161714568,0.0689601391584061
0.9684356148026741,2.9307763003714316,0.023173379330652152,0.13899284192100544,0.03055197573818781
0.9832850340483179,3.039307291987649,0.021817692773209618,0.11356826764904503,0.03597447129959159
0.941738338137725,3.0939238037793597,0.021967893236134746,0.12556113284275836,0.060557982136830016
0.9882881910862951,2.929952301335457,0.022152990947525954,0.11676687492586649,0.06957872170932944
0.9540986957481395,3.1332227752385604,0.022541526510257794,0.12255125918636252,0.03568571918370643
0.9913175121272289,3.180342611882011,0.02312925277172308,0.13885214370576926,0.0378974582024274
0.9914849962433864,2.92954220572003,0.022218150316261964,0.1120235133028763,0.06302891062621005
0.9934929204056822,3.1856030643979123,0.020738395948239452,0.13035830783688845,0.04573393791810011
0.9414166301093626,2.988029817168738,0.022606927863928105,0.12346228665694715,0.04330356069639694
0.9501861160190321,2.924092236575585,0.022682720873457525,0.11145100305023749,0.07754650578972616
0.9930256636817792,2.9156874665947106,0.023169534860118943,0.11921948732284827,0.04184084018875434
0.9740101751330676,3.048743080388041,0.021442628513309088,0.11868054685288143,0.07852627855183211
0.9701525095594138,3.143527863435755,0.02256934327758999,0.12985196847815256,0.060478785987780656
0.9451104223797832,2.909629341225808,0.023530934555447868,0.136750506235561,0.07189279610964544
0.9613379532051307,2.983369639311031,0.02289461040374236,0.12533208921397512,0.03107169742906746
0.9790115686077837,2.9148357356377654,0.021852548568743458,0.12625873260171766,0.05447660150443248
0.9431158777620988,3.1041561679631138,0.02183239823164783,0.11338109476993301,0.07408043439738426
0.9411461465548304,2.9466580959405775,0.020221493233292323,0.13277614886156963,0.05372262377006089
0.9692315150289993,3.1209243063043863,0.023432870098777057,0.1150764135422895,0.04883835037117547
0.9905343210467346,3.048385411491499,0.021618401510566976,0.12202261770176637,0.05571001016396194
0.9451920629129292,3.0058820399617248,0.0235157657928682,0.12924368436482134,0.03798355341787399
0.9859474417509763,3.0054838517875786,0.022304657537173384,0.12604499543362507,0.04402754083631596
0.9692571240355878,3.0715594197588634,0.020661271615964455,0.13215028340029694,0.03494605970878437
0.9558655664988237,2.9729095808804935,0.020225124191925604,0.13504425020265834,0.05020675785728307
0.9592434102080424,2.976809579001974,0.022880439397012182,0.13657280945653816,0.03061559101316298
0.9915104010536523,3.1502423359645997,0.022066097610679992,0.13732822282134177,0.051828736658020236
0.9667708877834802,2.93568171174825,0.022566823484000062,0.13400470855452343,0.03497469243285278
0.9423863704611447,3.0290261900733206,0.02388940928194931,0.12428812177877303,0.0730639421468233
0.9540009421782567,3.180062233715673,0.022866437411929137,0.12955834117383508,0.07450007413355406
0.9893536239992707,2.9937074137343203,0.02219232620684068,0.11244340370702192,0.046725022381738146
0.9568100294579167,3.1151524812476663,0.02372781911854603,0.11010654449901655,0.03152427501241989
0.9943827751582588,3.1008285467187253,0.022156446464118615,0.11976202693659181,0.07052723404432173
0.9870503119288202,3.097694575593426,0.020353989140331742,0.1242342251312448,0.0687598518705588
0.9418659555456742,3.1527142170769062,0.020598301182314153,0.1332491415208977,0.03885497590365896
0.9493321661370948,2.956734183740134,0.023398603758432043,0.12633743029672018,0.05464899621751132
0.9743139465366784,3.1015812614481044,0.023624990938019615,0.12983382217807507,0.04435924970388559
0.947714466067007,3.177926718051134,0.02125253075781613,0.12085710437763697,0.04856823103121706
0.9799387028590816,3.0228529692822654,0.020674776912788045,0.13857418249527514,0.04218459227575181
0.9722787294834526,3.0689173781432952,0.0211425808434298,0.12090240308230367,0.0779727069748544
0.9435944940031336,3.146452995923067,0.021763082878715083,0.12695323878577489,0.030309089791447304
0.9515928276055012,2.9230782304618,0.022826107951092883,0.11917547986051229,0.03128554956960481
0.9730690067216623,3.003702615026713,0.02360611881118061,0.1309377734151512,0.032812291181538826
0.9455978789682777,3.1646788746905776,0.023297761564947606,0.11775298858085191,0.07441804811135547
0.9758708588618872,2.9411858145179477,0.022312778024905926,0.12952048056323873,0.05036470472758536
0.9628177365067171,3.1141673557209955,0.023372823387503183,0.13597524438633024,0.07344909850414306
0.9757474479986753,3.0323788800987366,0.021233548814263592,0.12965641313100318,0.0313858557024892
0.9847089399345667,2.93920280772767,0.02108669513388696,0.12312025678772265,0.03613031419445035
0.9491635256684919,2.947785287270723,0.02274474797503812,0.12236959013998325,0.07096218151888484
0.9934678988293455,2.9627170395669915,0.02047415788560541,0.13708244550612225,0.06423699312213149
0.974926003887677,3.1941028323962386,0.02357032523527531,0.11476258787530225,0.06299710358189162
0.9473778382255877,2.979073701018344,0.023107888864166187,0.112710790828458,0.05529164674898746
0.9873348101666443,2.9997029159945297,0.02212651461486655,0.1119647797573466,0.055754320664386986
0.9932543035592928,3.0751441607640215,0.02344569277420188,0.13786098739388084,0.049147008186103375
0.9878390524191676,3.0263062356228647,0.023576009071054834,0.1350084184266297,0.07751722596225198
0.954409370048525,3.1328441890451777,0.021189224316609672,0.1298803866704812,0.040924731808875604
0.9745537282702419,3.063571236754555,0.022875672497391485,0.12120251139698186,0.04202909239273624
0.9587203260099194,3.187916604585796,0.021134321860538235,0.12437014517503511,0.03042146010278578
0.9953665526316023,3.0328411140926237,0.022503839901432707,0.11571867004740809,0.042264155524316935
0.9823459201919743,3.088227399053928,0.02399363814669554,0.11348139344566766,0.06187388377277565
0.9865830144314517,3.116856191100453,0.023117019604915197,0.11527120332240479,0.04281266775060373
0.9714974765399633,3.137113449881892,0.022088312823230476,0.11146043616949282,0.038658771273746645
0.9467598939023394,2.963185564547144,0.023397883783036557,0.12287950087422601,0.06118651181411845
0.977279846305501,3.146623328169007,0.023499034854982826,0.1388634705861581,0.03750369961207797
0.9818048562555128,3.0692135671634193,0.020842825752118925,0.1235172458855175,0.07984148523011023
0.964675035491244,3.1325702883438495,0.02192579004056821,0.11198902171239948,0.05885206655818621
0.946821075032789,3.1528733740126347,0.02163332228872878,0.13716212595485508,0.07602437942170504
0.9429721761862448,3.0805327689007616,0.023827384929855158,0.11663602284212664,0.06274981713859268
0.962551659336802,2.992594544980145,0.021062732460453863,0.11463527291078686,0.03323449105725855
0.9473056748237911,3.0111857851155226,0.022010193344256072,0.12182418956079923,0.07805091971941126
0.9736965398448778,3.1517199797842608,0.021433771791857632,0.1202040137974551,0.05053899778251182
0.9657534068859276,2.9324518846385774,0.023014060369766588,0.12524023132877854,0.0726927942938628
0.9751979873950768,3.14048750246931,0.023593307014277375,0.12637814195337704,0.037423976325992855
0.9582766797061741,2.9311265450387274,0.02152602891966101,0.1112530253981571,0.07425055207552315
0.9614976527199341,3.082430947677416,0.021871830361455378,0.11056166807434793,0.05187994850532536
0.9504122589499834,3.1001266125364073,0.0234619260585456,0.12619440946488042,0.05179878253819216
0.9903367215312665,3.0900987041556998,0.022524573483607375,0.12639839418975873,0.0712783635862986
0.9871078170559457,2.996629869261184,0.022883902072580353,0.11752648197274339,0.07625945255566563
0.9427642562408612,3.145549324981259,0.022170970741315767,0.13446984068900955,0.07077425981777179
0.9617379593332733,2.955665654767792,0.02365265677438229,0.1346114351245496,0.0512036804717592
0.9626395590572977,3.1763219982993287,0.022393402112697764,0.11747614519623675,0.0322650764983063
0.9918917552484774,3.020467016365674,0.02346362481263612,0.13617372782613146,0.07844145182653636
0.9448084708255707,2.9760788852591036,0.022728002513259866,0.11112055456914484,0.07448980145122172
0.9712558953616591,3.0181137692105566,0.021330004839925476,0.11732448678484819,0.07163511967898967
0.9916182289272123,3.0357627051859573,0.02376700616680774,0.1100579844963003,0.05374086553842002
0.9658579849999346,3.006619703144347,0.022799964662438,0.1168482008012525,0.056934136493376204
0.9660897012261286,3.093136942734274,0.02313608158145431,0.11102372055317637,0.03266147858407638
0.9774914637737466,3.1866654504801843,0.02228752980576624,0.11584511985904225,0.05047727337963942
0.9936541137383414,3.0000886523075874,0.02240481851041167,0.12274019841186487,0.06829251541771213
0.9567927588381512,3.1896016261479248,0.021137689116871833,0.13142188528452065,0.05611791882666875
0.9826131553181675,2.9472812038362286,0.02082643235178125,0.11084842420612123,0.07891309356728533
0.9446801589475319,3.0341488103784533,0.023954370723113766,0.1302364616904617,0.06793031025409427
0.9456944446196514,2.9962156743899393,0.02399579621168537,0.11701020616810154,0.07780111626429531
0.962424618038071,3.16963505412607,0.023205928314497165,0.11150060338216507,0.03452242493289674
0.9442887676272008,2.992063090008274,0.023997868939132163,0.12356817323236383,0.04501209780496857
0.9897906229015291,3.1749423559276138,0.023159776799263503,0.13175923243433016,0.055148486788729335
0.9853390543082317,3.010368946918771,0.022807395856862433,0.12683908811334232,0.04946458475917327
0.9709899501787698,3.05268318944435,0.022468274470872518,0.11274498150406233,0.031012295816104676
0.9734353149398047,3.1863000358758486,0.023221137345959708,0.12059329128293711,0.06435396990734463
0.9883221895436975,2.925451626433855,0.020687515034293943,0.12503780204899173,0.05290791854105853
0.985833152413736,2.995500389638692,0.02220013923076482,0.11430427146065229,0.03936348075986901
0.962718653258752,2.947077431898266,0.02271590525195999,0.11709292691942542,0.06745202942016174
0.9741997222065454,2.9461717517037784,0.020371937432974198,0.1384383405579866,0.0633094962678343
0.9525027508327378,2.9653146181924352,0.023060819609234468,0.13124225847000365,0.0387498814651772
0.9430043989162197,2.907407132137036,0.02363367451302779,0.13913340593917797,0.033653612711455234
0.9900023720954874,3.0296121809478644,0.0223190910851394,0.12601094863318502,0.07390038376165955
0.9906291539176408,3.1823280260981273,0.023829363201764344,0.13173801179716638,0.06605998165202843
0.9896435093291432,3.184337896085932,0.020071364728731275,0.1267388283741038,0.07119925413074751
0.9949196056403378,2.956697144877827,0.022423669024484838,0.12671412225018724,0.06265729771910791
0.9441178425884063,3.0576024270243307,0.022338219961085766,0.11803109254177957,0.032321849341456335
0.9876356884401564,3.0257460356859607,0.023313654112127116,0.11780739060947627,0.0716002056381018
0.951699879771858,2.9040475130297154,0.02189401383083614,0.12908623041748798,0.04394682725061204
0.9611830809340074,2.945167942954981,0.022796927599173778,0.1255006731195521,0.06046817032021248
0.9509184844091088,2.9561608148586664,0.022387410489613596,0.1337050456843001,0.05727909387057893
0.9645094551836826,2.954960642933797,0.023519537438920626,0.12905189167253145,0.03466865838733595
0.9750216768960029,3.0973169688739866,0.02371920766699988,0.131169835688546,0.06130685575913212
0.9699829918661403,2.9594362366644225,0.020250033165848013,0.1226837109141815,0.07871213542370287
0.9921096259036618,2.9727805957165536,0.02143095953986591,0.1193388805785446,0.03849764820092277
0.9835633103073497,3.082640748913994,0.023700634836803583,0.1270977593876545,0.07295096125926148
0.9439846467471453,2.961770068701065,0.023440282034278885,0.1362063112588379,0.07274469631481192
0.9571459059733547,2.9579399757643157,0.02341224326853238,0.13555431420957445,0.06961207451282878
0.9866877485076844,2.925240329603502,0.020824434079739947,0.12286145099272039,0.06179738462257988
0.9887228808012737,3.117070164119102,0.021472403805128364,0.1174685020628426,0.05199489006582296
0.9603476919890468,3.132196528985813,0.021844041550732586,0.12325434282979467,0.04145701718665773
0.9766933728673454,3.0688408055167775,0.021303361735022803,0.12304086888306653,0.032985475265656296
0.9532777258006712,3.01960973378662,0.02188012923726087,0.13141298539615062,0.07702008144548124
0.9691786838205135,2.910140883952611,0.021089737782613947,0.11656755692749168,0.032457885948165156
0.9771898156673737,3.0305067652412214,0.023409512806509283,0.11428851613242343,0.06578116238592499
0.9631635689184425,3.070508282996469,0.023057595823796708,0.12507221350797693,0.047486949692465835
0.9982459475007626,3.0097610840240216,0.021035909653766022,0.12670277762989512,0.051901016691309115
0.9816804244239774,2.916125674016506,0.02207377861585194,0.11064121345564176,0.03341763065126063
0.9899570558934218,3.1667184933804107,0.021646196716292868,0.13790023147087624,0.04662544083292239
0.998741410026017,2.9643392266789244,0.020809724412928145,0.13015543300210286,0.049086177543648385
0.9549070906633388,2.9498231304563296,0.020892766487641847,0.11092186453396546,0.05627086721691582
0.985622402335768,3.151375953196253,0.02147029613368441,0.1390312365820991,0.077706621764312
0.9861911190141127,3.000594312104437,0.022117190290071146,0.13059859977542385,0.03275569117530813
0.9730537955941746,3.1617587691714895,0.02178775868932511,0.12335155816876366,0.03132249010885876
0.9737720638056654,2.91997302821959,0.02331964101585531,0.11050379648103036,0.06998875351750139
0.9432026422308093,3.1050934632197995,0.022900297330701196,0.12272188137290217,0.0710915169463566
0.9695640744881714,2.9704627390394203,0.0201575104069969,0.11076258118905723,0.07797649952472982
0.9401233603351418,3.197783396193001,0.020634964676957426,0.12934264088126735,0.05803675635834544
0.9803939029595927,2.952284815537295,0.02219573649033422,0.133698115042207,0.06210119375710386
0.9970155390772124,2.926557019171264,0.02180767284624458,0.1190216837517194,0.03879480706866621
0.9648924044618161,3.127095491813186,0.02178576209337852,0.13589124727388557,0.043916961675212945
0.9838117561236426,2.9621802478802017,0.02062319909750951,0.1140870217086298,0.05177031902638461
0.9449203418830444,3.0887272538196946,0.023736516770734538,0.1325079686105448,0.04507117807194684
0.9429423800242518,2.9435987919398925,0.020341899786620606,0.13051486394484785,0.0687801385742376
0.9517413187376503,3.0267873742122884,0.021504412729232276,0.1310118206808338,0.06342690541709767
0.9707968603119124,2.98615414795261,0.021497995382454827,0.12018509947252384,0.0435429775903509
0.9892281381068038,3.18358126069377,0.022227741939885637,0.12591271509934765,0.06868419292967425
0.9999882121782528,3.050611722132477,0.021251361687010785,0.11133910729807424,0.07166347251424612
0.9998002014609662,2.9537600456964928,0.023969054432054483,0.12995074908358065,0.03964143215893112
0.9490546829349624,2.940098285890868,0.021926307984877384,0.1206643961939009,0.07251375918278943
0.9940332253693094,3.0167375572071617,0.022602016384567006,0.12727202879282604,0.06658350010702997
0.9424809255915658,3.12965786966005,0.020041267329022887,0.1323239223393097,0.05881492149489702
0.9686331454320981,3.149042032619747,0.0228709821316965,0.12164139370509636,0.0689145174753018
0.9506905878460556,3.002548645635005,0.02201918368666354,0.1129183992483765,0.047946854824542195
0.9842772482896283,2.902299876511528,0.020574688964523313,0.11542005635428686,0.06804950583886643
0.9771002035947198,2.950970328522911,0.020332443697154912,0.12473209054397906,0.045818832990569346
0.9857899645252346,3.1293305955794812,0.023717449694948798,0.13660792018255652,0.05871791198083502
0.9476297579035795,3.126063450963472,0.02008759495518415,0.11503186881447575,0.06653246522246892
0.9620514123259454,3.030258490927567,0.023741489786137947,0.1269106178276463,0.07209198772095804
0.9923507161482792,3.0446900485797257,0.020034629144558478,0.11689965158626481,0.07168999846384663
0.9590237467716003,3.175008465883335,0.02054911211422721,0.13652096093750848,0.03187865039059632
0.9832203335297853,2.9992183177396936,0.023861020351487815,0.13519051696249829,0.06376664721832603
0.968882673849977,3.0491130992247117,0.022782152251001005,0.12617235015671358,0.04762554488923089
0.9614576502542266,2.9793852999157155,0.020212474819816074,0.13822279088553588,0.04791358869513714
0.9896727932117155,2.923753277120846,0.021509421359727797,0.11767613287385446,0.0367853509656476
0.9963577005283533,3.153467171508681,0.021604367887966495,0.11105209145121059,0.03504580751200805
0.983349774789016,3.0803995805047206,0.02295640497832864,0.1371674123920065,0.041246541773247096
0.9415967699229645,2.9512826443749036,0.020689219874819687,0.12462502085727482,0.034370185229419224
0.9926453810925226,2.919886579950118,0.02273476066294806,0.1368210064882638,0.06865047947136167
0.9980779107809022,3.090629300372398,0.022800418524052207,0.13225594051771594,0.04535287877351234
0.9653300964022831,2.9875832232796427,0.022920334941430153,0.11205235465429988,0.04136441261513301
0.9997734344521432,2.9159748850776377,0.02292262767416877,0.13861020969897697,0.043450198949861796
0.9541900173427232,3.1004725310896046,0.02132580960182608,0.13527908235051547,0.07072558339804458
0.9591304502083711,2.9377308186671245,0.02273715044615037,0.13618922871268166,0.07480819338921942
0.9590993998691479,3.138981880418805,0.020256335759849437,0.12275268153820104,0.040214583350049
0.9744603536295328,3.07613767688305,0.020008397221132315,0.13130763113830413,0.03087767422451159
0.9979256827391176,3.0251181396830513,0.021411807809534056,0.1376126971171692,0.07311165399966815
0.9510979744455943,3.1578420789347903,0.02369399896251167,0.11807845525010459,0.0742306344029677
0.9433289548494915,2.96830216135903,0.020226353745365168,0.12693247998727133,0.06029632840662946
0.9961041759707914,3.0647265313085077,0.02228292211646747,0.1246127120018106,0.04732268109806439
0.9605381655544618,3.1976393303665844,0.023295485096081352,0.1190487150662835,0.05133739553489022
0.9850974920203616,2.9153802980543215,0.023149264191319557,0.11608671216175283,0.05476979051646412
0.9872874552756828,3.155432163447795,0.02352582803529978,0.11613235562952468,0.07117061633721365
0.9985353067713157,3.184490224006479,0.02345601922308528,0.11668794183113314,0.031483661504357656
0.9757765381147839,3.1483410622734955,0.022636249831601892,0.11223536606531258,0.07775317852603064
0.970564230979629,3.1855668803118187,0.02246268785224181,0.11704566374627542,0.032856631871730484
0.9627530073804756,2.9708673636847265,0.022444342906150324,0.12317434200842386,0.03839933555587507
0.9806185162258856,2.9089097662321315,0.021501027615848756,0.11313109723016986,0.054839533597817125
0.943247262690438,3.1046260082773016,0.02079687755386422,0.11212421945778714,0.06596823258096263
0.9911643424458769,2.928602787557215,0.022232871809725906,0.13824985021426237,0.07774834801972702
0.9716799679760493,3.137418158429174,0.022138210977004563,0.13928530563855157,0.03712070099120157
0.9718932920811453,3.150579506608957,0.022401047816486643,0.11399096687084236,0.06084851283269542
0.9754535446517612,3.048262134301227,0.020943609026980836,0.13236980709486187,0.07514464769276658
0.990157025290882,2.9313189522260537,0.022239154531931458,0.11167735792551241,0.056996632699376916
0.9566841915434134,3.0454519404194604,0.022979278482626965,0.12112917094385749,0.04554106575941245
0.9830720557846804,3.0235084272398987,0.023885589219404656,0.11621167451820406,0.07557675833447702
0.9725170050682846,3.080883889556557,0.021841769347123778,0.12982070646115534,0.04382195077589476
0.9647544285304621,2.9313868592727594,0.023964360382283525,0.12329710909209672,0.07045008306971201
0.9821786747469117,3.015589810255372,0.021573352126662126,0.11988577031751932,0.040310578476037556
0.9683858142710366,3.099924448820951,0.0234280427317122,0.11524252040679686,0.05046265819809323
0.9458508734581436,3.0565428901458174,0.02115720494995089,0.13066122870945793,0.05714679868473631
0.9615903674312076,3.083571018751633,0.02241779343304179,0.11718700783090504,0.05356026672084681
0.9600292398162541,3.187788699593395,0.020309136961992626,0.12259050276226784,0.05000183076521278
0.9814020166114102,2.9437412762030704,0.020845341475080804,0.12305823430249722,0.07486080164423928
0.9546261454626565,3.0368511869885277,0.023098891201953242,0.1356301892667996,0.07099135672985593
0.9747886422163732,3.115085804034763,0.020421667874735174,0.11694915329296782,0.07899027258221195
0.9738335638308232,3.180865599138414,0.023854488920915053,0.13635113866456483,0.030254330252951905
0.9619921748542112,2.9372603908206387,0.023446662104682017,0.12166921136014516,0.04467636200272445
0.9859782254579721,3.024211414939918,0.0217568420449505,0.12082993071801736,0.03534903645001691
0.9512295874358299,2.9494155997979252,0.022693946935125588,0.12740384810058167,0.04360369636657327
0.9820751074755268,3.0932801363839464,0.02280598905378233,0.1293532002543126,0.035891732098331346
0.9627736370914065,3.0029940409118665,0.02311286984417874,0.13087594487317702,0.042345985292185376
0.9829067527628985,2.936225511428173,0.022488927024152495,0.13170551876069778,0.055500910502194446
0.983954330736349,3.030921858606085,0.020626811454611396,0.13230682778863018,0.053240638401588776
0.9933669668150219,3.004278355564664,0.022389036472897278,0.12872653410979462,0.03270044639259205
0.9577117836570851,2.94958625309215,0.021535260031264308,0.1249637357106102,0.07549704002292054
0.9769961574832474,3.066974342471272,0.021557431205730854,0.12703544305072387,0.03072814164359163
0.9575792808893341,3.053971931383435,0.023055072648570638,0.11546464809845633,0.06392091520749626
0.9782599500777761,3.1423434898988187,0.02171676257044366,0.11557939857485192,0.06346345682007039
0.9515043324731804,2.995817851039572,0.022545720752691643,0.13917217288545483,0.044866396473048416
0.9663970956955208,2.9844579020306403,0.020725190011877007,0.12110286545596241,0.07895063957192228
0.9993975779415999,2.9723522495798096,0.023290257181826517,0.11869048648349051,0.07651427434696606
0.9907770677092709,3.059894615167099,0.021636930798497423,0.13409009685504822,0.0326760323118507
0.9844887880231348,2.9058941304494557,0.021601396470266605,0.1322314551626989,0.06489887213135727
0.9814619237769396,3.130724378638432,0.021209764991235495,0.12927410263494024,0.04567913230839182
0.9835253272698707,2.9084697652770535,0.02042416851028424,0.11482148827829676,0.03546506916746318
0.9482666495183544,3.0508905324243942,0.021444062495357276,0.1299003401872238,0.05407026591270818
0.9705014185809447,3.096505344020766,0.020047811427893025,0.11880699045439248,0.06795730390263996
0.9615150994246252,3.062153615368945,0.023026315690688966,0.13587584926473084,0.036671826618580226
0.997396126343045,3.135118148645888,0.02115891300880984,0.1384115161763552,0.05382570490453384
0.9797588548503087,3.1213275592415792,0.020573087192284196,0.11189920487814166,0.07121596002426069
0.9856782547947495,3.1786865370147126,0.02171384512782948,0.13718330195234194,0.039688848177677
0.9648120794653436,3.076308166848711,0.021935929648035632,0.11707763714988025,0.07681985450517467
0.9986207279192683,2.9811171943660772,0.020114968488647425,0.1351409573460254,0.06740057018175213
0.9628529091869384,3.0382926323534374,0.020897692796334924,0.12055905007281946,0.06479512189397268
0.9543229429085589,3.0546631326805556,0.02136092556223261,0.11770061015664951,0.04096995331870976
0.9665259824913798,2.944157331663724,0.020432271726341614,0.13535076735339494,0.05146630248060609
0.9633972826282439,2.9815661106563125,0.02070312431686865,0.13749581459522264,0.07689054225444067
0.99448687680359,2.9191189284961743,0.02307963438245914,0.1372801889882157,0.06555867020287443
0.9602298143981595,3.0655347860379787,0.020423542708794675,0.12605417139830732,0.05119577817395968
0.974591899909244,3.1942718144631446,0.022249785375274334,0.12853253528446454,0.041087011260047254
0.9945247542125566,3.137234499876599,0.02205001037021434,0.11764270579080995,0.06611305133548151
0.9952773470181185,3.054639976136795,0.022768814086737702,0.11550158048341666,0.07470905977549427
0.9863484749961415,3.011752791934812,0.020381061989841975,0.13544154866942615,0.06446311097066917
0.9573381900754427,3.082276667968086,0.023554703632540665,0.1381132736442864,0.036414295753412276
0.9549208618976726,2.9270215656494303,0.020408737869114256,0.11510978489547746,0.061008436760140845
0.9947898443743416,3.015655911955624,0.021495258175356916,0.11171862377348729,0.046204696925970325
0.9452948271305577,2.9162395140360324,0.020683080581071094,0.12136676757287282,0.06805636990393048
0.9627060653449244,2.9136202124504704,0.020744746350034433,0.13985379095299713,0.0331776328028283
0.9454818224050775,3.17298339136121,0.020450087906680955,0.11706268365367967,0.057595058325443635
0.9629112601163932,3.194370591296896,0.023164234348867933,0.11711359180965905,0.04263229606115393
0.9863147445829643,3.1540463476052714,0.022945043190147826,0.11095778861069772,0.06949316425744684
0.9840907500038814,2.9389809085702505,0.021828899520616184,0.11174442457705214,0.03399825170921308
0.9932955663069472,3.16388266832071,0.021186504019742095,0.11832777390355673,0.07223879398417074
0.9596253832875208,3.089263887039318,0.020559278378877166,0.11844235466635374,0.04253831288651429
0.9469182381993275,3.097213860932538,0.023094496438581538,0.11394029229841833,0.04374317989174635
0.9762660732900744,3.19813417674473,0.022297394070742327,0.11579946090737989,0.06649410006843448
0.9661671053353054,2.923260499497897,0.021039004136294424,0.1384453550236499,0.06512832069308483
0.9400000351108799,3.0706079725272906,0.020406220441066922,0.12630637087630167,0.03293021371280481
0.9828561720582678,3.1083378268999367,0.02079196838888912,0.13858284199050078,0.06088764213666163
0.959997779128364,2.9573647748973064,0.023822895674593392,0.12030745080438451,0.07349728357241844
0.9559532446700167,3.001731049253156,0.021796304326265552,0.1166150776367957,0.06347817719959033
0.9670633030297878,3.0363028478086056,0.023901196676731983,0.11266597872342769,0.07288484251504518
0.9609718358393737,3.051898303867023,0.020384885996436237,0.1258655555055432,0.06672075500065569
0.9804941444341054,2.9656913081983194,0.02074010141295398,0.1234789568058724,0.039004146977699945
0.9927495601158193,3.0403712118257884,0.022633649075506843,0.13950782017697735,0.07744338220723451
0.9655626014444889,3.1426789916892965,0.02085464458277109,0.11045278289185953,0.0648191185902896
0.9438917137790963,2.924305322167079,0.02253747080478931,0.13265855064425153,0.055814187110168945
0.944042408957502,3.1199336313370347,0.02328645630131354,0.13507432522978666,0.04727912185522298
0.952713607751968,2.9116993541336496,0.02048685766527589,0.13733008883341324,0.07974903389225432
0.9623137600577887,3.035222162803627,0.02130838011852711,0.11641866436992387,0.04006511913365603
0.943907587725981,3.1697942685187392,0.020481622327159048,0.13935206756258905,0.07406474878032712
0.9823756174877558,3.165070727837328,0.021570715495162866,0.12644464397068228,0.0528504253207116
0.9692976446967909,3.1568894968395127,0.021678153306064547,0.11859131186619493,0.051356754618842426
0.9680873628058534,2.984435331800383,0.021615063537188613,0.1323619915629302,0.042070365618179936
0.959936085156686,2.9206565855438735,0.02050440787910475,0.11076638592662914,0.03157993198486779
0.9931520190738213,3.181208879840947,0.020321490543299764,0.13113297442855917,0.06360140504079742
0.9494679385660553,2.922616296578818,0.021052306657898985,0.12772401207046014,0.04827412207972226
0.9669351417528925,2.9257041124489467,0.021854434189451658,0.13480683598417267,0.03820206511026834
0.9783744700863984,3.023322742886891,0.0205675446777064,0.11908924196017026,0.03862831441151293
0.9559208259931378,3.079907162542824,0.0206304800662326,0.13116307560112234,0.06003047904113702
0.9871618446562311,2.901390743755138,0.02360511755450304,0.11073684982791873,0.06716181355924819
0.9639176568721655,2.997676924108421,0.022512501294276604,0.11505068217685928,0.038047053902477354
0.9749128498441191,2.903674568759453,0.022876989446155415,0.1290412603347603,0.07221512245406131
0.9758263932585565,3.086163026937448,0.02191150654989304,0.11451895215173448,0.07740805070368638
0.9594243072850216,3.1630717204649192,0.021424409535482834,0.1339705906057156,0.04538195409169416
0.9807124642001012,3.0300523722102577,0.021391295898651522,0.12281542664670611,0.04018815168155905
0.953410401137594,3.173735928826399,0.021121175250171407,0.11787686691433209,0.03571789871723684
0.9526363662144808,3.061642582525583,0.02325204004292022,0.13181174705245366,0.07489246699105843
0.9801168942065939,2.909399471518425,0.02237078727431957,0.1156001227884741,0.042229260114772856
0.9923192664747735,3.0918169763163275,0.021310576164378824,0.13558154715144546,0.03381260987304497
0.9824183437012988,3.0185977586174806,0.02217826979953618,0.12328953660744446,0.07154008909411588
0.9775016455513699,3.0277923678898184,0.02080250058849791,0.11896613581075727,0.06857833477919617
0.9630776179606312,3.009067144224371,0.02147556815041914,0.13580703060867774,0.07858051825141063
0.9637826290077102,3.13336538805421,0.022165945635733007,0.11562562227059037,0.06843224957799864
0.9761609331893797,3.0254384007915958,0.02358493677416261,0.12869785799268366,0.03273876169397191
0.9633507868236368,2.9545697697536912,0.02165622388260997,0.13179782371443172,0.06701626090971369
0.9649726417210956,3.0115788459050075,0.022458055307504134,0.12891645660968554,0.04327695256233752
0.9830100351085689,3.102924629793893,0.020405576455673067,0.13146364997913434,0.030221997234247466
0.9641478608639744,3.0365015265396194,0.02294785188463326,0.13057801186878573,0.04257931863511023
0.9807525927934977,2.9130838374193146,0.022808738175984455,0.12575176737394508,0.048184038311805885
0.9415743362472129,2.9340930875459357,0.022829105214496416,0.12511480904265643,0.05606330868868875
0.972574908576847,3.0954805142405295,0.02347147859243733,0.11227769702680494,0.044718841193955416
0.9617547378954467,3.1440004698056603,0.02326062790026099,0.12693715385554016,0.07422305638332688
0.9681770492678446,3.1908038501800435,0.022253566755271632,0.12293466647821322,0.041302255084431666
0.9420911494237386,3.1433646749291926,0.0233474203317723,0.11992168571621412,0.040559453449233646
0.9771216899383363,2.9293064680445537,0.020011729840415566,0.11522459689295621,0.07373313124109049
0.9469695223563335,3.162638889417089,0.02098510632231517,0.11941386447301933,0.06239783221290892
0.979803328962163,2.91178385560523,0.021982514187380283,0.11754144406884523,0.06870425625224688
0.9617936260514278,3.1946359367472223,0.021177054888033328,0.12748251208661868,0.051309507015265515
0.982212160881755,3.166626228112788,0.021300942684923784,0.11999597004554709,0.07710656212156755
0.9638178444899353,3.0130226468842216,0.023423036816821587,0.12534617472523646,0.056762662335489086
0.9670159503839592,2.9499556700017195,0.0230450988470728,0.1384672867335452,0.056444577096929856
0.9860471443738499,3.162499914780611,0.021729136108678,0.12261846136128053,0.03160666333893
0.9533190355273659,2.949714502564461,0.022001691433749172,0.12752088385572855,0.04589581587500889
0.949911200823469,2.9715010642456754,0.02349071687734807,0.12650881612105305,0.05893100892369234
0.9936330796262401,2.9204141312220626,0.021388999580701375,0.13259365860278433,0.04820375674521497
0.9507400351416713,3.040516408150161,0.023539426215172875,0.11661124350369903,0.05066842821669601
0.9904125266577538,3.1536509716215284,0.022406019443825816,0.12248709840152958,0.06223402431974338
0.985424200883689,3.031860059981232,0.023703592278745342,0.13489207187406588,0.07677917907363346
0.980250903937701,3.041234028643628,0.023580028757796977,0.1108702242995492,0.05545234732973087
0.9656260465496551,3.0700596304248915,0.023923358299851864,0.12814179075738194,0.03508598056563595
0.9834248349154193,3.0052044994580127,0.020155183353954734,0.11567376238764027,0.04709166125183804
0.9877500796900915,3.0105309161057163,0.023003622575579943,0.12446224218681619,0.07156384294153549
0.9885331639664034,2.9724860988349966,0.023566892037748366,0.12252468265982866,0.07939209096356659
0.9410746899576663,3.0239516190708526,0.02254744993791874,0.13582902579831185,0.030398626625270056
0.9798525481810613,3.0610967414816446,0.02060830241577373,0.13983266904321115,0.06548483584162013
0.9635366593591597,2.9248335722718153,0.02013785640571528,0.12197295871624682,0.06500267368788118
0.9431796694999784,3.1683232093736455,0.022972192191622408,0.112586757595808,0.0598962490105438
0.9535239162864216,3.1111010020633647,0.022428550366355507,0.1146860085978713,0.07020117129050218
0.9668351780918901,3.0294049592131786,0.02194304553418005,0.12373460500559501,0.06586938960268313
0.9711986211025198,3.1495471681259652,0.02186057718130458,0.12577972343295687,0.04528902053716985
0.9779906797179565,3.0551584393836237,0.020048446703128223,0.1101378422042651,0.05585720735447701
0.9727569160691156,3.0926787466333994,0.020210793188085024,0.12520631650941785,0.04967393620455883
0.9489032922903736,3.00463176583974,0.02207517213936189,0.12376734999528011,0.059204389611432914
0.9958322293999379,3.0123197977521423,0.020910140854168865,0.11127473208561238,0.037526875938182325
0.9707514421362975,2.9367481922205476,0.022608473961406448,0.12855544697641147,0.03482735244452956
0.9584808786951641,3.0554674514741453,0.02056984368772023,0.11207225316203293,0.05613465429360477
0.9778115578976744,2.9989374119585213,0.020546856316046958,0.11760269630331371,0.062331505749335846
0.9518777494807794,3.0921905328849437,0.023910302043154752,0.11980291296983654,0.05926225424084858
0.9503106335718123,3.1713545812124413,0.020816533751050883,0.1214694651717005,0.040295629815344174
0.9971434126122339,3.0350804116570833,0.023650114863199373,0.12918898780481358,0.07924461890629553
0.9815842131659974,3.1541932699215485,0.022992296555634496,0.11841137450603029,0.07920953348470158
0.9599521998853575,2.9121113158986276,0.02111261414681883,0.12704019031070066,0.05269623504281892
0.9405673479312789,3.022298870721133,0.021297320528104503,0.1130439313328395,0.06416311735955291
0.9874973868796106,3.117007231639938,0.02000732990624499,0.12179231450899031,0.03178699820219346
0.9968547180409358,2.9711830415761784,0.02277209404967688,0.12730023808115423,0.07584710252836702
0.9954734472103532,3.1670766102213754,0.021017716722064053,0.1334727096479924,0.051407811651622254
0.9474085788247981,3.089407010935263,0.021097720424819062,0.12256338383855575,0.07018964115570014
0.9711243437069593,3.147308054550635,0.021395935912821244,0.12925078420840197,0.04939065704992794
0.9456504599500377,3.1743336999543796,0.022007972445289414,0.13305127558628174,0.05276358631692515
0.9774581778407749,2.987328454616709,0.022529244324711616,0.13714204338230596,0.06928516211018895
0.9614493450582506,3.0929727299934733,0.022775310337481203,0.13531368079808476,0.04367249281503762
0.9720765153830305,3.181558639362379,0.02037795546235874,0.11836097940855783,0.05108090389831779
0.9818714557723405,3.0110318666622704,0.023242735289898467,0.13383606256051594,0.04375047487971616
0.9847587296165801,3.006433259335846,0.022030906024424843,0.1399527988515019,0.07831659285423931
0.9441703705765673,3.1099975654315486,0.020417094984136953,0.11376736018067422,0.06104190246843201
0.9922456060449173,3.0363532931381316,0.023723050246327048,0.12685803618031782,0.037498706962708336
0.9713216375028267,3.138010128588009,0.020460991872186873,0.11158863947350865,0.06713940862198624
0.9543420968344225,3.0796246380509555,0.021944057729696397,0.12355611746544144,0.0487873863690074
0.9409042140762457,2.977632762146817,0.02009144102525286,0.12686216786954874,0.034165252763278184
0.9765540783012682,3.107753520940038,0.02067762703341049,0.1163704789904492,0.06554922325999826
0.9946182448687027,3.1755199724854126,0.022824639930129183,0.12171228017811851,0.034858129681189856
0.9669020957371542,3.083846717324882,0.02297530227869591,0.13403424872374756,0.030588337268421542
0.9741291610330344,3.1418221065921443,0.02044885609874872,0.13947179253768086,0.07585249771804642
0.948989720491119,2.9701941530933693,0.022047010799552052,0.1307581409291834,0.0722690383389071
0.9835975866738194,3.066930387227994,0.021904386111551294,0.12141594639067804,0.0380098366974898
0.9724686892242393,2.950442962008514,0.02341601438408546,0.12323987692606699,0.06924592858621895
0.9592144249829525,3.106470012528525,0.02309364417502341,0.1196508033587151,0.03409964688166308
0.9694921699479263,3.044260313858327,0.02140992087958322,0.11529337625837788,0.04289399377629301
0.9530717828149418,2.9127450785000755,0.021993441290375615,0.13806210587395262,0.042965534476814136
0.9419084449678793,3.0560991488389098,0.020749344152232937,0.12079865403083388,0.03607436987632184
0.9888939365709953,2.9736865025858874,0.023886018380468898,0.12843607210737415,0.07826239451611156
0.9428940452843266,3.177152812764645,0.021720452121122724,0.11108352864968102,0.034028893191060436
0.986893134862684,2.960234847612766,0.020118466248863785,0.1329229040190681,0.034267288509437555
0.9703921227326798,3.189185848774604,0.022716011461641674,0.1297284486392276,0.06182266822736689
0.9662303131105568,2.946044873088361,0.020318459626101112,0.11235801165617512,0.05080993974367272
0.9809842941882425,3.0736853175079677,0.02184744815231592,0.11194378733717611,0.07417393855117929
0.9634765535173728,3.1147602179815834,0.021269214529975797,0.11680362346052012,0.07202801470666281
0.9619218897708841,2.9423159385306925,0.023043148058070374,0.1206300828841896,0.04706243719876663
0.943797467701409,2.9218613941530416,0.02276299464135041,0.11643272297400382,0.07326620175142443
0.9808130262934187,3.1481879887633415,0.0212903521752779,0.12013614917357698,0.033700755710529225
0.9596864583393744,3.0395048610461006,0.02383832372689034,0.11779786844111223,0.04338683849773412
0.958054900644364,3.039077265897106,0.020064831675701635,0.13330604826028467,0.04052676002569982
0.9908165444184005,3.1436654206394796,0.02071655791889067,0.11173911727194001,0.042310053599169846
0.958365522963536,3.1956398709028373,0.02298297551405779,0.12387112164232778,0.04828342688871158
0.9528964396789876,2.9585094422853992,0.023414210542836572,0.13350221038370186,0.05296691835289087
0.9781723709507604,3.052892290649505,0.02222111468796968,0.1341326556301706,0.07032239621265493
0.9421300070398925,3.0496316971817836,0.021798254936501702,0.12425776435993056,0.03372694105903635
0.9498973672185168,3.0516328971213,0.021668140735624553,0.12842078760432435,0.04341713206381337
0.9728693450533902,3.126432132464775,0.022137167676639865,0.1340871493217606,0.07417754061540152
0.9912024007719789,2.9520942091385782,0.02200586568864453,0.1395644187300271,0.06113365673818558
0.9749998295242728,2.972651681091092,0.023035811957595662,0.12291575222930126,0.06705628713832767
0.9876437119830093,3.0321295294168933,0.022571359678062213,0.13603447483753692,0.047836570683791824
0.9949810939454348,3.129640905388672,0.020103262243238527,0.1117661817602806,0.03826535196771342
0.9906640912137213,3.117460715543815,0.022362746095319137,0.12649417769248134,0.04476636541517076
0.9885539828310184,3.1175342209188734,0.022103242264087306,0.11368118720761167,0.0541258449343658
0.9440643405965764,2.9471135303635223,0.023908412654751486,0.12759411921977526,0.07093927252821328
0.969379050447764,3.0869019932131327,0.02209908324741768,0.1253136082181881,0.04911094977063218
0.9960962030862363,2.982837272065958,0.020276984646005077,0.13944914852947435,0.06727826595432804
0.9502711315594851,2.993508134100612,0.02037249085940912,0.1319173631749782,0.030653273655343073
0.9666989070941295,3.1411165714554805,0.020109567461380404,0.12659209481163827,0.06905879005786991
0.9977073933256291,3.021771784365782,0.02142932195274816,0.1319344433345819,0.06791989101136972
0.9472571925116398,3.166116795686266,0.02105847157930084,0.11815700307604013,0.055217692211414246
0.967180837894686,3.175143772326986,0.02375477895599157,0.12633038557271864,0.06614252187139584
0.9995188142914393,2.9871907277199647,0.021865913649549887,0.13264992713993334,0.07810676262280347
0.9689815337872855,3.071186524542841,0.021825056719618752,0.1188277093212566,0.03876409658943377
0.9812702606899867,3.101671742867872,0.02252313769808572,0.1187360274817994,0.07157754699798748
0.9870101497174802,3.1336881885065178,0.020849230633054678,0.1211872894070635,0.06636619698815187
0.9436813758094434,3.026573819430256,0.02028647184789316,0.13904755566885757,0.07105201886044457
0.9907290222267026,2.9130399532980302,0.02000119345283414,0.13855879584019395,0.07484343176008963
0.9675404191077077,3.0499686560588772,0.023479603764517177,0.13523639538996807,0.03851255004273017
0.9956325868510839,2.9149434897082687,0.022906346475280212,0.11002792129172836,0.04921429018385397
0.9674893071445466,3.095919764533958,0.022049260856787288,0.1160214838160136,0.04689827150137482
0.9784248904273566,3.1149396292756304,0.023272544238216005,0.12159067910046917,0.0525069063677452
0.9843680080516287,2.937520617829939,0.02303632893960378,0.13984866606885427,0.07592440608733858
0.9985883113356105,2.9283719554740277,0.023833530593021898,0.13667677590023214,0.0607143438949205
0.9641861342342131,3.1655766652547794,0.02171899867831868,0.12122016362090751,0.030471246761081268
0.9939750788818376,3.0480422375381595,0.023927044702460855,0.134346704977641,0.030033369650859894
0.946429443561419,3.0811605024076614,0.022935162850417277,0.13763950128404753,0.058411963919746054
0.9580161331620957,3.0840009652472187,0.02102538903877526,0.13191123720662518,0.04864087381882788
0.980945501755662,3.1359691843546997,0.020334795761216332,0.1327079932036161,0.04693265351664477
0.94711457000596,3.1728143696491924,0.021153698798811325,0.125434870741143,0.04904881874152859
0.9516171324595508,3.122001922050194,0.021961910239355047,0.12849877893561382,0.055748203445853975
0.9527622360152529,3.068186588707636,0.021335281591205464,0.11380983597918334,0.06568512026619687
0.9739302626611558,2.969411357386574,0.022905621017445626,0.13206314111160872,0.0517111186095025
0.9630221066470191,3.1217311593744244,0.02028449385345276,0.13880161187757808,0.07597985568254145
0.9862225819875076,3.099416618389269,0.020863405176081814,0.11343005321930673,0.03892670139076925
0.948679543122848,3.0650038114380123,0.023713166174926564,0.1321319384363997,0.05471282211450209
0.9743767813882742,3.033164494700821,0.022598944727278792,0.13276898938542303,0.06540171345176729
0.9939362846895416,3.0649703028880375,0.021222469357552124,0.12106854598187317,0.07912749304750961
0.9790982289708783,3.186189706871434,0.02145061630587743,0.11671052557186744,0.05860606626418151
0.9743251540644253,3.077042247415524,0.02375682764740946,0.1336801630502213,0.049357568158454254
0.947891290852461,2.9417618717329206,0.02327067131026313,0.12191844307936701,0.06290609697975642
0.9859900699782298,3.13997594160139,0.020493595189440994,0.11062190843362003,0.06151296561506846
0.9825528529064648,3.0021426388928414,0.02153119144708734,0.11845125532606902,0.048060370216217375
0.9535402799811469,3.18099196759565,0.02234071690559332,0.12681814635266916,0.04605938098413288
0.9726838747701239,3.060859070535667,0.022241797613266494,0.11340090265188912,0.03176181500548354
0.9879738103835379,3.0557481422665567,0.020415819183843057,0.13177111587574333,0.06559445655030907
0.9665879795032063,2.9979758838721238,0.02378281308745482,0.11416112956085372,0.05856653521391973
0.9748166124993651,3.103570383746928,0.021378553359338068,0.13796720369510457,0.05051579419034379
0.9525684886078513,3.007978548889801,0.022719613949620923,0.12824939924685114,0.04432639640882309
0.9905948453981542,3.132014773975511,0.020313788499725077,0.12800992541713097,0.07042960673411122
0.9850484997161977,3.0048841241290964,0.022262394590047748,0.13378833768845452,0.045584783506184334
0.9786112271180989,3.0572896792887647,0.020043898111821994,0.11810115045964614,0.03645290834296069
0.9708543357565838,2.9644171620319484,0.02313357651779445,0.11927270823866684,0.0350625349990402
0.9875789836661457,3.0408975477565328,0.020128099007460393,0.13874256274264482,0.05289307004649474
0.9744984002474519,2.9142589472881193,0.02304012587455024,0.1369320137702043,0.07965894206470822
0.9830361219981787,2.926937035194935,0.021645761103128144,0.1385435487065246,0.035494181696333095
0.9561149007776077,3.1375781251548895,0.02049554660269617,0.12485677078911017,0.06159462171954804
0.9605751037994584,2.9734155025637454,0.022209263813458006,0.1165006076107124,0.04297719486648978
0.9747354702060569,3.031112984951028,0.023610195020065155,0.13605756368624997,0.07473421785206735
0.966861395600276,3.0401541181010097,0.022898619008897565,0.12226975276699106,0.044226047685520985
0.952342431887156,3.0591827801240896,0.023275245436321878,0.13486981404179127,0.05603725663350309
0.9986047842964205,3.001934451606753,0.023521320565891676,0.12954125260868288,0.060586811378137574
0.9682487416558092,3.0003545102175426,0.023237654145384465,0.1291352050164856,0.0753926509882269
0.9769737007247129,2.916425107961454,0.020278712519069153,0.1348707499734414,0.045642869472862654
0.9589692168529224,3.0814962439695495,0.023835475223054535,0.13619804420408005,0.06462422513028798
0.9467014699161833,3.0831982534087397,0.020382506536570325,0.12943225138242737,0.06918490138337555
0.9976181180424616,3.065893812045124,0.021999800096288453,0.11072517506113698,0.042075111117510354
0.9610295259028251,3.168716362475476,0.023130497982494235,0.1309575983775798,0.05386136987746944
0.9667414025205945,3.099695491258209,0.023284282067500613,0.13035316565694197,0.04860184544509313
0.9750692194778934,3.1692745700373566,0.020785846519146882,0.11479708057682593,0.07337490264634047
0.9975566422988339,3.0310498461159923,0.022041668014177028,0.12394323364758794,0.0614149407279207
0.993376970169019,3.0983160304540895,0.023160694865496465,0.11968813384416911,0.05329261523013225
0.963312600451095,2.9581866898260487,0.02024918628832122,0.13782586243071152,0.037201233378963264
0.9458076639046885,2.967249890466785,0.02122108650880329,0.13850369809190846,0.06667421046673268
0.9484556752855323,3.1619578701794686,0.022207534895475115,0.11878000921551096,0.06384121942681348
0.9756734006332561,3.173027111092166,0.021393014324399863,0.11289840657369357,0.03859322155284412
0.9891851722066957,3.187070377692221,0.022706278227662958,0.1256626539857515,0.033277446258289774
0.9674236756905632,3.113906060560691,0.020861543327536737,0.12543602263563808,0.0371357196702162
0.9740373251474824,3.0541159439156047,0.0217033147952867,0.11889067170489559,0.06079396714155057
0.9663075271603162,3.077975515265428,0.023898224476648574,0.11623054772046089,0.043986975609181106
0.9482371422124525,3.0220303397560526,0.020821581445304858,0.1346476559618421,0.07564504042591796
0.9541385013172982,2.9747360022482754,0.021922850261915944,0.1324870561043757,0.07016772374118874
0.9890535514833627,3.0329405884310603,0.021046402500344476,0.1220650313043571,0.07540384142457526
0.9422802070341184,3.1349869755718216,0.02259637216863258,0.11577883130360724,0.07463867824585721
0.952902191530008,3.072290836110564,0.02196486906816745,0.13599341086464514,0.042444355620148345
0.9745647791148839,3.122990517091576,0.02284921183182117,0.12778631028472714,0.046087709741642564
0.9724058254911595,3.005015725382334,0.021517859771135912,0.1277063776890314,0.07873831816580269
0.9962915715444859,3.157182908646964,0.023223202710358295,0.12289292178931356,0.06778545002178109
0.985314970503669,3.024729178332347,0.020584364329380083,0.13478381528013145,0.06381646553764547
0.9767259826864745,3.1287719523996493,0.02061369301558925,0.13246125976307405,0.03344286720016002
0.9942778248303422,3.191864182200596,0.023248657192951654,0.13456617313015914,0.03196222140591425
0.9538915406059625,2.9474928038692316,0.022684248523028073,0.11886519583128194,0.06622812872877987
0.9474950240191082,3.1656770512670698,0.0223119357012098,0.11186910047174452,0.032278231665667054
0.9607393374336172,3.0899700889358996,0.020439224271949837,0.12545281554580295,0.034582261039901294
0.9930559478404115,2.9630161273494187,0.023665540103964364,0.13444744412736262,0.06873392990589167
0.975790840169719,2.990112911514004,0.023355500659242134,0.12885290751728057,0.062053485911118166
0.9716432080737877,3.0731745232209913,0.022552018255043996,0.1386948178864862,0.06401108784773724
0.9764946313287188,3.1460288828935385,0.021041289436920897,0.11458384487961652,0.07697080155048502
0.9615477755430509,2.9280822936636217,0.020673726673358442,0.12218909814389017,0.039477677375115934
0.9940899187817898,3.0624051861394066,0.021782889915429895,0.1273499885921051,0.04194319887027056
0.9551361988754529,2.9700227715337837,0.022160940749518084,0.12828939956118032,0.03626061762618429
0.9831372067200742,3.1118233387078753,0.022561650044325025,0.13343352781999085,0.0591659858722306
0.9631065171595583,3.1653190590644895,0.023405626675792608,0.12121254461230674,0.05617417659963254
0.9761132410798365,3.0447913981621726,0.02207032523304339,0.11631378821954094,0.057452948057264044
0.9426760744838784,3.013269547355644,0.022916603142890842,0.1345898877039906,0.03896187266916638
0.9698304163832653,3.0941121335503152,0.020023798955997166,0.13228526353283232,0.032048188625660105
0.9944516558448416,3.0467832101801,0.021672649311058646,0.12057738319903244,0.04930022499379809
0.9732651465262662,3.0725300731091423,0.023212225154203726,0.12570426686934724,0.056381147735995354
0.9863993582403641,3.1106527104812796,0.020644971903607923,0.1354811038662187,0.0669966194659499
0.9430864915830073,2.9083845015713434,0.022526724419919732,0.13013972883722902,0.06419458416404486
0.9651192434472188,3.1164969725651352,0.020570921663415287,0.12207597563274702,0.07814036464421396
0.9652049241108619,3.0511887290888104,0.023262520337811923,0.11520517328879253,0.0579038350445928
0.9960526100584207,3.087405985090351,0.023809293420901125,0.11948480772172614,0.06730574011542047
0.9409900531455664,3.05997613056245,0.023541877391868454,0.13622606213073904,0.044172024396250446
0.9457526570486933,3.043050683013304,0.021116537940253702,0.13279724287814182,0.03792085617632894
0.971558651072725,3.107469014009547,0.023706612989151287,0.13897940080301574,0.034499292692359046
0.9595432397711057,2.997307619839807,0.022234806547299136,0.12401848093736478,0.07837691718594225
0.9924013657295512,2.940548128194734,0.023573891891376764,0.12878066209198719,0.0719004810633023
0.9642478277611295,2.9395302181292653,0.022167560013121347,0.11724781225489628,0.05193159114757133
0.9884733413788132,2.942532317705876,0.02105507440212437,0.1347676038417504,0.07498290388289164
0.9671607049736938,2.9998025258866154,0.023971459059841237,0.13793942433110257,0.058898858442864084
0.9895963917659256,3.1090350502677246,0.021599123523285826,0.127441319656026,0.05479476431796351
0.9788323653421129,3.0954151170477195,0.02359187158229687,0.1366434873887603,0.04976558826413984
0.951388592932483,2.9759853022577727,0.020868369910353183,0.1331551874465609,0.059031049094718555
0.9549418136547766,2.9098008697706113,0.022095136637837645,0.13419878315415282,0.05583855256575621
0.9710075671818668,2.942971207525464,0.02044336455533038,0.1354684362467558,0.03923962869986185
0.9436562842935661,3.0443884337789666,0.021520886132557572,0.13062603933228192,0.04044909444172387
0.9401013562478049,2.9296313397220026,0.02035995947774359,0.11515625677736092,0.039547037868691126
0.966963496175628,3.193958814463481,0.021709197387329238,0.11425206440909767,0.06849997525015183
0.9920151439191811,3.1114859650421587,0.020586900653201474,0.11716506387694399,0.034461290056599134
0.9425433453009348,3.028996365596887,0.02235411726619746,0.11358337537818217,0.06379682853130096
0.9972956035952047,3.033502808521401,0.02350876467951966,0.13505584565072445,0.05062533254496204
0.9410473468369217,2.995103824866119,0.02379959197370689,0.11255565392744657,0.06293949791086743
0.9951284814455956,3.062010313500728,0.02322770154454312,0.12192504396483386,0.06759052187347271
0.9537505367528833,3.0758048139902776,0.021447884797899244,0.12815115703455612,0.03918580471536614
0.9989588680936307,3.1557276223724173,0.02128693322513834,0.12570989729427912,0.04516359381731531
0.9552353504446568,3.004063382138737,0.022352291214418014,0.12279448293510752,0.04993227844803898
0.9902800182989046,2.9082488775505837,0.02126367790863436,0.12087988783548662,0.07072350022913537
0.9645223063004843,3.190147399984466,0.022658823707303773,0.1335145222294547,0.07948256794260034
0.9641021711671596,2.9679188544241857,0.02015087372891283,0.13995677139174292,0.06603332916785773
0.9753858462547782,3.1674017623845696,0.022713828227581126,0.12441133059300863,0.07379972033117282
0.9713504012224742,3.1603666276621807,0.02055437024811463,0.12048247032677294,0.03576790997125986
0.9616774516804231,3.0373513391503786,0.021094403298374483,0.12326063459887977,0.05725311763790873
0.9412553926639915,3.1706334966985477,0.02347570410617339,0.13026629928340158,0.03766205303560828
0.9545399085673583,2.9929764461754,0.020239976381823642,0.11382128079512509,0.039277149498417964
0.9515560821342318,2.9345045309438373,0.021775798476957757,0.12733111731884741,0.06851857123814922
0.9584637117488268,2.9575519317671652,0.022627433068899513,0.13610639232046964,0.041345417045953264
0.9790459259968908,3.0989523781602433,0.023143743635853635,0.11897104108593685,0.04513735688251365
0.9726154141608434,3.017201914185407,0.020484579998117557,0.13071925803588513,0.07850312250257346
0.9520715918369486,2.966108267427242,0.02283980098071427,0.13705090624070826,0.06832334117990574
0.9790827611964493,3.0627408939223097,0.020466902224821986,0.11979259492812586,0.07930973981701417
0.9687162740460741,2.973826717891884,0.021727380912983724,0.1367817656820096,0.03823592473099784
0.9689658133845354,3.1570017329162865,0.023453579825752354,0.1310153113514062,0.07394754800432274
0.9847951233657639,2.9944108856019573,0.023609510290505613,0.1364638148749901,0.06409788797760807
0.9982967674649665,2.9687615022166636,0.023121778499363206,0.12064880741655362,0.06525622909166409
0.9965112119228049,2.9510166047223847,0.02175247585395794,0.13644952714632924,0.056918034848684164
0.9678787316644293,3.110757777847323,0.02099181688033126,0.12867010756036995,0.05564413319336346
0.977248202495968,2.905588650101772,0.02267105151483715,0.1380114390409082,0.07869214612779804
0.9641757613219873,3.1224099599526594,0.023376280639397517,0.1266259637455677,0.07366555028317007
0.9416263028205479,3.152440331385132,0.023877492217824155,0.13944154845268916,0.0531003658859458
0.9894788170425282,3.0940073321095416,0.02050199003006941,0.12187723534996865,0.05948411146767567
0.9813586084202055,3.006061357942448,0.023696470551561717,0.13640828923890794,0.07728126212556155
0.9646307378702852,3.073480852876295,0.022618714948224223,0.1354862200307741,0.0591937831334491
0.9573434032625899,3.126785368293984,0.023138703103658825,0.12621825742767417,0.06628463484451869
0.9696251339558754,2.940407397935011,0.020961696672582443,0.13918676643934505,0.0580932525164011
0.9845320666197811,2.947933714838938,0.021197511048315028,0.13839675786001784,0.032540651953992666
0.9542966190484231,2.9326385448385177,0.022377636114089446,0.11955902559476855,0.030863788543443276
0.9983795122867032,3.058405397944646,0.02356836847277681,0.11870414660968863,0.07747827270323704
0.9471727957823918,3.0250493765440423,0.021780778082643167,0.13532586788286194,0.07034331750827974
0.9631533414324566,3.079082913911777,0.020964681371608167,0.13422828621513455,0.054555976175512076
0.9478505117386844,3.1567692110224304,0.02008309277164309,0.11215179779809639,0.06325202282180079
0.9452537553053717,3.1301125912503047,0.02094429947522973,0.12504553128193346,0.07193836250007077
0.946358575795077,3.009337465695178,0.023841219447716454,0.12073613469363091,0.07699575148521598
0.9910314038867647,2.9890706870617385,0.02331008124145537,0.13178358741739518,0.07803397635819687
0.9788597194311973,2.925150278851451,0.020750707145923884,0.1265871996182258,0.0724265573641866
0.9741009461998011,2.980961722023156,0.02121457767440361,0.11801515326922901,0.07276371752704142
0.9408210266129592,3.135776076039236,0.022860653343385197,0.13992094083957207,0.07829317910058309
0.9947751346019517,3.1248001434297445,0.02181333749787938,0.11876818731482447,0.07739523951238333
0.9625842097739152,3.1240187392142507,0.02075774224519066,0.13632966654488018,0.061651401321853434
0.95099719613135,3.0101148342030273,0.020951803366817748,0.12168435563558937,0.05730696577806216
0.9483771693528105,3.1973235412638554,0.0206558863646432,0.11237334639417565,0.07656558653168008
0.9424508998710195,2.9487240464117983,0.020920007968489796,0.11373404504616022,0.0755293247996348
0.9491008151669352,3.169139737933361,0.021258576565760155,0.1102421234827239,0.052445405198253595
0.9441099752614949,3.0602602207266436,0.021003292282721353,0.13743314319003325,0.04357034653114739
0.9848700475206262,3.014739464994367,0.022105886173595744,0.12944125960617753,0.030192197431266155
0.9503205330790757,3.1806553449487507,0.023683714857435346,0.11178927613545656,0.05518497987777182
0.9846192805878068,3.030035571349998,0.021939622879842732,0.12127885042007824,0.05165989664486957
0.9579704022677245,3.1154492023193514,0.023442578476929956,0.11184523122437685,0.06845804971114572
0.9815487945528212,3.1271199491598716,0.022579270643419243,0.12882493454567728,0.06756231914556099
0.9412918895499737,2.9886114003969206,0.022033016973653896,0.12780239334668328,0.03472355768320834
0.9823275836515986,3.0275409483641056,0.021506271851058516,0.12714285051741123,0.07849279203580474
0.9900641491159706,2.952945971633461,0.021272893137260225,0.12656450116744794,0.04893380306297787
0.9865183583935809,3.1202667484631093,0.02116781180138673,0.13032268544421916,0.06950170513451118
0.9581271547675654,3.1013115891356264,0.021874166639431,0.11366525911074339,0.0795267940337972
0.9897274988769075,3.1228994575632822,0.023977874857768307,0.1392633576901145,0.03819761616367043
0.9658194489282744,3.0969948093789337,0.0226384187023868,0.13466614680088485,0.042371339095636076
0.9995875629519355,2.9398467797121293,0.022129974013302658,0.12367579117069201,0.05504173498614648
0.9914417726339434,2.932878219477022,0.022846480147204813,0.1308995667195438,0.03512152487303719
0.9562057649827088,2.9202984236057503,0.021173610324627036,0.11632027859104578,0.0672629122089749
0.9540568194981442,3.1234831815254793,0.02120696339144831,0.12742850102286543,0.03519589366531864
0.9513360236105717,3.17195688375814,0.020967430270619113,0.12796467193514607,0.0554169479848426
0.9419230524866447,2.9780655551132997,0.021246161680202134,0.1278905011264126,0.0635971291331392
0.9761933134464182,2.9987981694512316,0.02090239618633302,0.13829180864886634,0.06256318566222732
0.9576708592292774,3.0502170480490483,0.02346745815921323,0.12790266536726985,0.06147406724268993
0.9812858799651921,2.937934784742372,0.021529382503022994,0.11735652025179492,0.04974892562185883
0.9422176204930245,3.1899955825463584,0.02110985644581388,0.11657784375700629,0.0732415326091645
0.9623431576177612,3.1759716831653204,0.021582473177412534,0.11360072686710275,0.06112149550644492
0.9553312095634248,3.135260785624479,0.022356716679189273,0.11726435110432787,0.06043239702774114
0.9950554056667544,2.961577479702298,0.021358933282824972,0.11370014259496306,0.05734736856015542
0.9713900607942721,3.013544958504622,0.021941448729897835,0.11940358655203331,0.04859523182106693
0.9547708380726131,2.977155728505469,0.02376115789017401,0.11830864742035266,0.0700641656520885
0.9506394176538442,3.1563919311270716,0.021682841946783604,0.12664262651348995,0.043012825447942375
0.9813710110933822,3.168086555866745,0.02115100604087908,0.13030281166080668,0.07649933802246739
0.9725217247221004,3.043502123904235,0.02384548812183624,0.1331750088661192,0.07403203275821238
0.991598579086801,2.954140717178446,0.02212594899687208,0.12722600571650733,0.03672321088749845
0.9752219983492947,2.9576094640189967,0.022858907891866505,0.12721075041602906,0.03566770263996187
0.9686180808237277,3.1827893809332215,0.023669796428022503,0.12483371663538473,0.0713422194222699
0.9986796260302049,2.9552848946576367,0.02206458463817984,0.11346797976602867,0.04808489231740502
0.9455545937739065,3.001639024669435,0.02183630245582988,0.12344740290034253,0.041544424096800044
0.9649316756306001,2.9571087543689245,0.022647947597031624,0.11301135988935568,0.048390832810968565
0.9454194595095012,3.1738212998735835,0.02146423374623593,0.13138561492659337,0.048111980734801024
0.9728997958313893,3.1962767340410942,0.021877684796973423,0.11926844734597536,0.07903742511866907
0.9672198433724271,2.904680671219836,0.02112682075029419,0.13608839225358021,0.07786518224853597
0.944769013969892,2.9517325851038145,0.021957922554797542,0.11481006584524285,0.06516261271646828
0.9727193104754903,3.02486591007874,0.022015038781703015,0.11100983085797204,0.047783325945910914
0.9715204580755867,3.139348067831696,0.021256829704356717,0.11533105351298165,0.04439213250215907
0.9475800904634267,3.0438958932480222,0.02308470517835425,0.1115579742379298,0.03661397395300812
0.9400632188176387,3.0427945541485846,0.02190228967210703,0.13752255232764404,0.04696231878418845
0.9547472699071323,2.9185984805993987,0.02211816920612582,0.11972817612159,0.034726143293080984
0.9770413976829706,3.0306700586339876,0.02377815522085201,0.12638664751375445,0.03461993305530331
0.9839294425770369,3.151167653290021,0.022950110940668296,0.11065341091907284,0.079593287158809
0.9716158513899551,3.191195204964697,0.02341805178076204,0.11053957484344143,0.04665648886613055
0.9868621920891232,3.117938782769866,0.020123779659909788,0.12776462064352326,0.0581838009156026
0.9594079351775405,3.0023248365871775,0.02075295315230431,0.12411639203939996,0.0640530502279752
0.9738756247669285,2.907122615165563,0.0238374965787165,0.12848741036744135,0.06052247971555495
0.9895402346155457,2.9847299034171155,0.022342977654075,0.1182191842703875,0.04274251218774313
0.99543303758618,3.0548569952685933,0.021266426426575957,0.1252241404556819,0.06467874290787112
0.9629541769691513,3.0338986596388566,0.02027268199186806,0.13883896080452446,0.07802114522794526
0.9795841401274431,2.9548870460488246,0.022886243055689207,0.13539613565360886,0.03395445967157471
0.9718731241563773,2.980766360211331,0.0203540307852468,0.13516628147465254,0.05507310129085237
0.9584031417722919,2.9859006821603287,0.020217355322454385,0.12978489371968746,0.033035094014761304
0.9456320789889316,2.907921821217771,0.022093919136137216,0.13210453457635288,0.06915302577819035
0.9896998998757721,2.906198138868482,0.022784486906073195,0.11955007848786216,0.0633294589816247
0.99670924361021,2.9485161136656948,0.0227619980150719,0.13497447363851117,0.03785022835389735
0.9735165314822949,3.1812593652111842,0.021060195393590164,0.11083969335525286,0.06115520381775522
0.9776664656276797,3.0360815662694,0.021043986568431674,0.132045677010482,0.06800621690560522
0.987886209376342,2.983457042809818,0.02323939748762111,0.12270034456113069,0.05415083090090895
0.977966823634623,3.1276329311674633,0.02014289533449952,0.12910385746494704,0.048336183210885064
0.9410970299373169,2.99707599276206,0.020742181897960402,0.12023101834610278,0.06508589259485427
0.961406735543276,3.0465942139911815,0.02228032335281741,0.13454655526636902,0.05055750047445444
0.9553675081194783,2.9915485409334925,0.021468507732888543,0.12706687032001168,0.04358754063632445
0.9881023519433618,3.1420996283103717,0.022148288074982373,0.13340584963237334,0.07879677159170755
0.9721655092878227,3.140042441455034,0.020338483400913075,0.11230411936307208,0.07430364493733263
0.959907579172536,2.965164423627058,0.0208319987153926,0.13052532690327984,0.0464070456051968
0.9662029867190353,2.9603755161774434,0.020194380127052578,0.12173477940924253,0.054243048149007
0.9462712277998575,2.964993909920871,0.020324024122142174,0.12302043108025597,0.06220202725692975
0.9586073388537633,2.9558585855947253,0.023957655658672635,0.12370184972873866,0.06883086558694015
0.9509643742852388,2.9963197641307393,0.021805780688201618,0.12478428589477927,0.06546235088953516
0.9914670302411239,2.907333712017827,0.02265369294341191,0.11781743574060717,0.045837890393519966
0.9838885383271974,2.9871475263111535,0.02249705304919601,0.13602253431911115,0.06350737185135003
0.9728261402961241,2.972115755493731,0.02057881564611024,0.13449268333034772,0.06154241043371014
0.9778333361351745,3.0304183852862776,0.022940228222609712,0.13491162128293732,0.056566749391418786
0.9445158714358463,2.920777987988721,0.02102800470406563,0.13197328332021543,0.058003700874109956
0.9593240895388173,3.0614670202052694,0.023695311925663484,0.13433721160843567,0.052842688307379836
0.9522460267765468,3.0868252581261935,0.023018148315642244,0.12560565962983467,0.04648714201667213
0.9444186679193807,3.0286244100553357,0.02092619098729916,0.12994723331058672,0.06565066628290636
0.9451356342834444,3.1455708899957204,0.020235034184335258,0.11114244197675993,0.06964233064791056
0.9791571415546431,3.0283789324762416,0.023307385896168077,0.12382331401004962,0.047541942007046416
0.9616183894865312,3.1989769842882825,0.020859486648215717,0.13347882078241768,0.06582315719827221
0.9683570278267746,3.0203311965135757,0.022361196602448997,0.12090916283265249,0.04570212153990637
0.9508359786107933,3.1397914330234404,0.022629031572971442,0.1281983096368282,0.05951768513525377
0.9980258835177908,3.199800789328616,0.02237238801883523,0.12616869799334973,0.07062389006757724
0.9652900697365788,3.118719581431515,0.02049023430499307,0.1367907308007859,0.07723904209226465
0.9718513949333596,3.1366804962507473,0.021322997581732922,0.12948169927519287,0.07545161122858152
0.9912998799051267,3.1485285204893385,0.023359507048293832,0.12016701564932611,0.05686935553908551
0.9915503185718482,3.165450873188253,0.023636769951236192,0.1304766461309953,0.05535993608086186
0.9868391640162614,2.985295174505267,0.022879680523064754,0.11541019123906325,0.0510008929337824
0.9557913456584664,3.066158373332085,0.023793098169465676,0.11421746730443853,0.07875828891073236
0.9499431804147781,2.9829672255685047,0.022564655120855568,0.11320035905403814,0.034145255796569726
0.9532568083395095,2.9690052286824415,0.0215448022832598,0.1141187647488628,0.03363527447947724
0.9540381456411678,3.0260266809089145,0.02284556670892887,0.11981293180990524,0.05436164053891841
0.9506717028395902,2.957895468507764,0.023628368333289348,0.13299235309787796,0.044498704872109
0.9760673236680752,2.953197493516644,0.02101122133198882,0.11272629398619079,0.040328520538032576
0.9453610801142167,3.1216684711145373,0.022681381500547326,0.1260919527563725,0.06669205861947988
0.9732075119133139,3.1695262204956323,0.02338716589423321,0.11034680799716615,0.04489856773133194
0.9575436197587972,3.170163748148669,0.02202421997065168,0.13049480823750056,0.04269398816114762
0.9982774056831684,2.9533683168508342,0.02343574282298175,0.1253243000240823,0.06093560445987324
0.987389202019736,3.07540837631743,0.021699407490529243,0.11152481224208359,0.032430233160208884
0.9792436505580732,2.93445169488777,0.02378885696839731,0.11446582756574161,0.03314866663395731
0.9481678642845591,2.9931243494775144,0.022133148574952508,0.11639769431759932,0.07029538821039552
0.9962171633394801,2.9518477980477993,0.0203960954281849,0.13802577296615018,0.07256546474428993
0.9950188326753767,3.0851599590077914,0.02279381548471813,0.1246618618389343,0.07763120123729321
0.9836372924395511,3.0315050882757775,0.021249905231532366,0.12961962833187257,0.07571424933575886
0.9700634996418789,2.913313390583181,0.022036851888988438,0.12516973541270482,0.044848479253312465
0.9958854069887259,3.025650308480987,0.022530659813651703,0.1280984144733166,0.051131645123294545
0.9946339720640328,3.1530862441585104,0.021546015505585374,0.12921868458396904,0.03197869552012481
0.9808950290092461,3.1934404601356583,0.02312639639636669,0.130190979751582,0.07978811981553685
0.9805108513892826,3.106922759041764,0.021168297926025616,0.12898352960595694,0.05367950683072138
0.9970660193627483,2.9624057170847946,0.020379502158601487,0.11466935570735172,0.06943107701255882
0.9687719116452158,2.9523639646372914,0.020032852948276583,0.13418631270221204,0.05097081771928989
0.9643907511189272,3.0138117473805943,0.022610550527563097,0.13565306307492794,0.03521396961238472
0.9789936641883991,3.042021655942367,0.020446287007998196,0.12143733865269878,0.05779774657544905
0.9559984894158171,2.9209624743420792,0.021386247210498498,0.13458035642320956,0.06664499322924775
0.9493274542466933,3.0596732703295046,0.020275098524824363,0.12812373031783097,0.04678838493532017
0.9734696855209323,3.058060751762655,0.02326544370650906,0.1297110822814726,0.04854587303494781
0.9665503547072632,3.0724509620817213,0.023393823219529167,0.11722626964428819,0.06719853964051115
0.976816299106925,3.095223117063119,0.023913326026762265,0.12365506925593053,0.04163423383685124
0.9773218038373231,3.023755810922488,0.02323463863244867,0.12041273276109134,0.07445518937249163
0.964705260894019,3.003244331256795,0.020989843481984634,0.13284862968375277,0.04895095417482019
0.9663374507574062,3.159674582632311,0.0208281340399467,0.11232160716665297,0.06106187972030977
0.9667021642532361,2.9990059660993214,0.022645744235231295,0.11945976493661667,0.07720754638397123
0.9773133532450184,2.9235012844057047,0.023097953417879992,0.13188269717478604,0.07201094176263956
0.9448704072980109,3.0149526632253356,0.022374443279058444,0.13940877077879393,0.05986816273209397
0.9696695325789987,2.924719005526092,0.023721375224375597,0.1196123268971528,0.052824496388212586
0.99600527657174,2.927500085066965,0.021140740829167056,0.12434096474540904,0.05973004579271507
0.9856429673164948,2.981429366547876,0.02216887185636215,0.12139907607408629,0.07236422787756473
0.9895782922411316,2.9897858279285954,0.02003144034816321,0.12168971254328564,0.04065397638831753
0.986926944490222,3.1438058371856314,0.023658923310401335,0.11634453373729989,0.0780819266500327
0.9891536505118126,3.1305093888424005,0.021459344315922294,0.13376096589820297,0.07788439094387206
0.9565157226269603,3.105256861739044,0.02384717251535003,0.11585794726590196,0.05939274226858231
0.9573868044009822,3.1427471611651345,0.02352992011614983,0.11459307458889056,0.04181792551147846
0.984409523206197,3.031603591202798,0.021536694743901717,0.11305087806625616,0.04530102245404826
0.9539347496751192,3.038790152132673,0.02165858910133753,0.13452145598634083,0.07836791735402032
0.9912272794870552,3.115808345310431,0.02203926651380214,0.11219913559079107,0.07380990338597654
0.9404134032987179,3.1119793562201186,0.02285712492728646,0.11606440633832475,0.05364796393796898
0.9470359010381763,3.0036457670701733,0.02390664818001637,0.12395984434884505,0.07367626867964736
0.979620276273562,3.0571154291152975,0.02169748522484861,0.1335856983105658,0.03656332394124667
0.9909288811521548,3.151519446597638,0.02210777695731206,0.13837820181299065,0.04362502399956236
0.9636876306781943,3.087799710543819,0.022380094142418747,0.11763470030113655,0.05143953534686114
0.9898084756724209,2.947562810113344,0.021228574227417137,0.1139530456136765,0.06320063894902539
0.941498820418509,3.068001966169619,0.020394301216896584,0.1316760660497431,0.05956863068939756
0.9462357262578315,3.1445505027080944,0.022504968281124027,0.12896715248058885,0.03737688452053792
0.9600513975728003,3.0313533404247344,0.023219199866887166,0.12315299756247362,0.04964519214899311
0.9987056994978937,2.9582284562988184,0.021666590253064055,0.13735204482473584,0.06991564080415932
0.9657199451712902,3.127428064197846,0.021830237533568657,0.1151967947565769,0.07057950287195451
0.9941046608213976,2.9383288204866216,0.021736269136288757,0.13046920439095605,0.03769010218302398
0.9795608526596414,3.0776721947407557,0.02325091029993262,0.12253009308282034,0.07453923744224726
0.9651034648812434,3.163119973690638,0.023655307998265526,0.13779615584870242,0.04534481616667434
0.9762231982757129,2.9914195077359707,0.023586342704304146,0.11800791722919875,0.04210225157067706
0.9820140571548348,3.131662083592413,0.023458979667413404,0.13086445962639748,0.04293757273345483
0.9624020935101196,2.9662485967729433,0.020556701796801625,0.1306175345430579,0.03239766954468331
0.9768978087617571,2.958922151345657,0.023627618229706857,0.12527587548864544,0.03997055463839886
0.9487635484173017,2.902068535900908,0.02383181773710915,0.1293818638097546,0.06474261681059809
0.943407237321105,3.1056561460423984,0.020282111261561684,0.11796927624666104,0.03834827652620669
0.9645521997962376,3.1310016383097437,0.023010106167543152,0.1303384099626122,0.06356510081742274
0.9706805338976229,2.9193305407839643,0.020946610403377502,0.1127558922745346,0.04869137835492186
0.9759372892336989,2.926025304866183,0.022615683664272697,0.12559351864364632,0.05494641644444742
0.9731513845033015,2.9184282526200205,0.022896956225692298,0.12220704530262022,0.04442309095491318
0.9721239307414347,3.1522917838838915,0.021441721205233757,0.11044259773763355,0.06030870461197356
0.9511873798055478,2.9227338472064144,0.022184837505954295,0.13392148661485684,0.052790698039712106
0.999037844953908,3.162916980337965,0.02194706649414816,0.11361514336731612,0.03325009337342652
0.9838306113495663,3.163336537042055,0.021627838639243172,0.11254514639844126,0.03681905714061573
0.9678695762027527,2.966885714958457,0.020503093616129904,0.11036990506304294,0.07232049115695914
0.9968285170008803,2.9188464326606156,0.023526296264288506,0.13815138534259608,0.06748654016274783
0.9741644758234855,2.9035257049075422,0.021979695066982045,0.13071257632063443,0.03920969441557395
0.9459320864187347,3.0009241449160156,0.02177814046349973,0.1203643549512389,0.0794608712971826
0.988013552084745,3.1899124086688397,0.020179094456509776,0.12313868393325376,0.0413819682463519
0.9828033490855487,2.9046209921960258,0.020597370243043447,0.13119646445119607,0.03593008833379291
0.983891593231266,3.1238522056480953,0.021686674156977937,0.11839279953500861,0.06200237034191582
0.9736146736855219,3.073946740989381,0.022584719249980165,0.127751807907599,0.05234689950461725
0.9508782182375826,3.052503001188336,0.02248430633244998,0.1285193173616454,0.06080446111918403
0.994316728312183,3.034886974915483,0.02202172943614298,0.12458113024670513,0.03386298600273002
0.9526222060526311,3.0436637765590455,0.02337946984542285,0.13139949913740623,0.03573206201168311
0.9433315119087129,3.1880496443854818,0.022954905667458114,0.13082827103287975,0.05027929513832406
0.9562345102839266,3.149406044348835,0.020516093159502695,0.11804907326955191,0.04047999804827021
0.9488209954036575,3.153544451284872,0.022385676898547098,0.1283212079456724,0.041972030571922614
0.9889963257388039,3.023107802723919,0.02233460957035388,0.12279634865488806,0.07494547475373325
0.999058214264842,2.996502932181789,0.021185160682814383,0.12838737771587563,0.04492427320964578
0.9536078020556888,3.122502618646013,0.022470852031583697,0.11223265638140359,0.033488732663903314
0.9682789158686146,3.1215088696396562,0.02338054145751228,0.1356753552195496,0.06258649645119169
0.9858423032939418,3.148769108602662,0.02245676595417968,0.11319390131020748,0.034220546646406454
0.959856971464021,3.198235278057747,0.022884328157838165,0.12265720317060208,0.07736951820622692
0.9910203037813152,2.978211338357457,0.0239487564076124,0.12024969869062188,0.03617737018109466
0.9973211487957852,3.009551186151619,0.022590880554308444,0.12487541244139382,0.05015231462033516
0.9705371354976412,2.911143199845975,0.020084544252573954,0.12452127010208466,0.04683703548519122
0.9942603513298535,2.951475838899521,0.020610458379436335,0.1271824952657837,0.031630803565609156
0.9820519637319377,3.15626157405044,0.022640269633090425,0.12039023023243076,0.053512911250439235
0.9635514686543748,3.1457302682237045,0.02136822592195934,0.13745922129408666,0.042850087368509135
0.9834054230318595,3.1211721844125178,0.023469041453235407,0.114143023517138,0.04737728455568713
0.9472680658186927,2.9416059775645804,0.021643145141618303,0.12568234511124388,0.06038726749216938
0.9990993889457894,2.903824543129276,0.02085028805839965,0.11310936088983287,0.06533010728444688
0.996388285450307,3.109770654014463,0.022023933032862007,0.13702425503086746,0.03796313959887768
0.942002343733012,2.9887953138531516,0.020734619183782443,0.13550847368373728,0.055239608045172195
0.941792500397379,2.9453693254401503,0.02070512394643746,0.11488289023290457,0.05226047821628909
0.9815198102605828,3.1277138456144695,0.02034785782520611,0.13421823612879027,0.07756981567811902
0.9479342865289189,2.9422579654836802,0.022726279987003876,0.12781405460249057,0.05033403111110579
0.9416725336081555,3.018047089077426,0.020139191690928773,0.11786695270265662,0.04086351132121846
0.9416811395690854,2.956293974123923,0.02296800866039875,0.13765557409864532,0.04840527366800982
0.9932033332459735,3.078558235946833,0.021006028293599117,0.13604519019200373,0.07442752957769158
0.9883382274929584,3.1969808920817413,0.021866601152579355,0.12385273526616972,0.051677030050175446
0.9720157949665843,3.057034379796859,0.022699732168712693,0.11604395583497303,0.06773766887813139
0.9699075768472237,3.099241448249514,0.0203028952828371,0.13818746172473673,0.05754300510528322
0.9707044257764751,3.0880823780471136,0.0215522307799947,0.12762237492556566,0.054697440943716244
0.9463238484820442,2.9201290652766914,0.02037578837094463,0.12751078358757745,0.07213134546748462
0.9818874675651855,3.063771490867009,0.020311876752003244,0.11143326790424342,0.0697949378663689
0.9670990218757296,3.0986964960800516,0.020509101292117936,0.11154329772600348,0.0726608112428363
0.9768044342743111,2.9994981521508626,0.023411857662354905,0.1266053615811158,0.05913288682553536
0.9559845481129656,3.150197885803181,0.02158133107421559,0.11496270780103922,0.05874453971667201
0.9649038174922469,2.9596095193009924,0.022321647084693943,0.11326165010898968,0.05316860548366438
0.9776807139740692,2.9322450864154606,0.021970535363155665,0.13719840504460715,0.030773320930901057
0.991774843919073,3.1858423540011347,0.020270263690346943,0.12700194500092374,0.07090861732874981
0.9625965096149363,3.1334257815817494,0.02178904743091383,0.1218573681029184,0.0344320498535728
0.9402620997292379,3.1401718265395453,0.020017958426351047,0.11892206342596685,0.06607999500142409
0.9512997922536431,2.962677525075096,0.021385626490488578,0.13676703865397097,0.07040384546176638
0.9800478804785269,3.1381954278636313,0.023933069663728327,0.1195106571887742,0.06506802475491466
0.974621224883828,3.0773168478235116,0.023277433729847224,0.12017274577903617,0.03305785331743578
0.9521046453283328,2.9276865625785433,0.02107036899448815,0.13625310380850958,0.06813107659160145
0.9519700523214635,3.0719782231308588,0.022258386154044362,0.13967206282449526,0.03994470993546366
0.9728187380067383,3.132739287739672,0.020386286526631128,0.13737066345078208,0.051632499746148315
0.995739779555828,2.972246695335152,0.020266768966610484,0.13521305364214892,0.07412758482719631
0.9603053117806865,3.0153635309682496,0.020841567221382633,0.11994508581989127,0.06168488128216761
0.9866474696531669,3.0654402084148282,0.02029985015660748,0.11431115160879064,0.05072976051994181
0.9655179111177469,2.9219832746361076,0.02398882142459267,0.1360770043909282,0.057507798456672476
0.9677058464283951,2.9502929208972404,0.021842005378514908,0.12409474553236627,0.07469969461342713
0.9855962312486335,3.136316972872252,0.02333931148442571,0.11516090026109443,0.054184313847747315
0.968064389344421,2.971280294074809,0.022477482820257903,0.12357770392189577,0.0792999234723784
0.997341409679136,2.9750097864273433,0.022174424280095934,0.11109719548711779,0.04681507613262072
0.962025272831617,3.0863673752502456,0.023300762919526995,0.11133411626990997,0.050719961207570635
0.9485934710675346,2.9469411798413265,0.021674517106386824,0.1397773991448722,0.07437699094096764
0.9824469469462246,3.072959041962797,0.022519864759984742,0.11206288915676109,0.0620289937244843
0.9826878906658431,2.9658472653390517,0.022501950104562587,0.13970733094640847,0.05787971008138508
0.9632761771998678,3.1452313084618884,0.021436862906289902,0.13876648556598783,0.06560674465662139
0.9422515109383547,3.11213509498901,0.02227024564926724,0.11048720620913642,0.03537919201739456
0.9443745129044804,3.0568897478164407,0.02367468809377975,0.12822422071244363,0.0739776879645215
0.9760092533755867,3.138507169891189,0.021889372226687374,0.11974270762536199,0.053531457740873874
0.9438627166304361,3.1006187226769835,0.02296068106544999,0.11285031787018329,0.07883138241764395
0.9719464560744916,2.9456786999822926,0.02047082245843402,0.11676280065285703,0.03033920084857547
0.9624614798255099,3.013982175868661,0.020532975916133074,0.12766751550378483,0.031260236564785354
0.9951649090920327,3.15429146076146,0.02336560951675394,0.12362155572348836,0.042849344766086275
0.9835443400783886,2.954401984285117,0.022741549846948452,0.11773292595831253,0.04477894951159189
0.9843725416838341,3.199504512707278,0.02012169151275581,0.1106041978932865,0.0476604500318636
0.9546639695155397,3.178135955631787,0.021514962139129516,0.1168601990720074,0.032491016524150915
0.9546868270731609,3.106072948685244,0.02342448696826471,0.13629264483013773,0.07713054243513123
0.9930760597643534,3.0693880098553916,0.02394596115442388,0.13513590300181091,0.06823829155643021
0.9585521336686385,2.9342121166850945,0.020835248788055743,0.11016687465021839,0.037045914267796576
0.9652488615853747,3.183192157698377,0.02251451502141789,0.1313727402086385,0.056343574499608785
0.9476567430024342,3.013169792492387,0.021199972054561162,0.12124996647192879,0.057712233484206496
0.9926708513345875,3.087622953283101,0.020616772812124567,0.11001157345292424,0.034185194821257876
0.9848386220214824,3.1815219880673498,0.020737723790524264,0.1353914470909531,0.06994925419729968
0.9964807561911389,3.037864706796473,0.023122337275748233,0.1379844199436492,0.06933560415953546
0.9467329791832295,3.049425689369121,0.023233527419796965,0.1137905541876681,0.05671745536415636
0.9471087739003068,3.074252796820507,0.020028244172446825,0.13703132018528644,0.045247259116355784
0.9739162582437514,2.936992797664762,0.020931021281606753,0.12046167920713913,0.03624949353099956
0.9406647327325623,2.971703950389024,0.023046693190375993,0.13414009321642262,0.06721180050355424
0.9948899717976486,2.9902776533263733,0.022182831873314608,0.13503432587894737,0.0758793874358077
0.9687573726490158,3.0641877868663756,0.02032334565828305,0.13184045969166952,0.05262062707618073
0.9715854607653557,3.0012251702747683,0.0220786829450343,0.11217512157021906,0.06319411312073996
0.988422831478088,3.1086082075161188,0.020188704200159748,0.12792439251572102,0.0632876086506356
0.9553103629010116,3.0509695520334166,0.022349524329230236,0.136132572545776,0.07757574658721905
0.9737962241171292,3.183854612110222,0.02006841917346331,0.11851637766409068,0.05452838874045178
0.9484815939728407,3.0846836253794727,0.023745775801535147,0.12399067419944879,0.0300116595016515
0.9533342523371289,2.983872435322327,0.023732007745484722,0.1150083918373121,0.056668215296679376
0.9570592720536932,3.1987281622388286,0.023369012180513692,0.1368821570740528,0.041405736017430375
0.9481594344526288,2.9993817467359127,0.022100763852323513,0.12439309406619362,0.05682173386859936
0.9893380757774892,3.1789382516457305,0.023495624568155103,0.12635365539328294,0.05721696498299644
0.9751723303812829,3.176222640472856,0.023934245145841568,0.11410816977602206,0.036897143424793666
0.9502509904099262,3.074985317754781,0.020171402915502495,0.13812855219376408,0.07639386835392227
0.9850874567577168,3.1910879300285178,0.022378453241423724,0.1210722415708462,0.036756666378790916
0.9993232633996451,3.0819913712447375,0.021602637220929394,0.1348214845005126,0.07706123102769491
0.9970368817200208,3.1602024319007187,0.020436692053706566,0.11090777779358722,0.05498742102872638
0.9602172983488665,3.0919000674252044,0.023080268625929292,0.12214787853067961,0.031465847358444585
0.9409585399763547,3.0346955552171035,0.020056020683006655,0.1124675979273754,0.044191112024534115
0.9437117536877012,3.1403029981032584,0.020959495498428956,0.11181911437406393,0.04801790604760485
0.9587178853148393,3.0836475085078225,0.02330599673830474,0.1387298637723266,0.06484374058502526
0.9576176168730378,3.0006845374748976,0.023170551785522367,0.11331463274837798,0.07303240658450891
0.9463602956315783,3.1464136061947214,0.02368745152285555,0.1250177971017563,0.0619459900798736
0.9736701824897348,3.014786746043375,0.020245925678676363,0.11192669356858602,0.0554356030685366
0.9922208967130782,2.9357185482995902,0.0236676745005614,0.11755453707935741,0.06537878328282132
0.9987942807173018,3.0059267938795506,0.021891841861645264,0.13958766156399216,0.07184811673343885
0.9991696628924481,3.0423814097766417,0.022612300282903508,0.13041528106623884,0.04155819960694251
0.9889669281425848,3.158224136258252,0.021122174526197638,0.11894534362426701,0.030427911214843714
0.9816329364394896,2.9399754893328924,0.022084540362157873,0.12322695917368157,0.06914471650516846
0.9503506587177878,3.0856348084458896,0.022823636369094152,0.12069002804177029,0.046915065596293354
0.9919713074422759,2.917711547801143,0.022272026819848155,0.13739522451861635,0.06600750194098007
0.9710703451249091,2.9817714262106825,0.02367756440332956,0.12028840429026035,0.04585066860024756
0.9595640758396954,3.0376544532298193,0.020912649658567237,0.12343299472463881,0.05094192179484636
0.9426313967736771,3.078929595883217,0.022176901363835447,0.13957330104964824,0.0725371953394925
0.9656135392849756,3.035909208399384,0.02177272281760734,0.13911650599013925,0.04992226822084918
0.9780513144710243,3.1265225807272037,0.02343133815844037,0.11197707285246296,0.04616837446735486
0.9873618119881975,2.9305329201552612,0.02030134807279444,0.12103593088890939,0.039658787192539874
0.9462084090288498,3.1507489454332793,0.02054462049606812,0.11038736225376078,0.059544476803444685
0.9749739800012376,3.0792498610839902,0.023801052464496337,0.11157441561815876,0.06769317650470563
0.9772001558972622,3.0744622405682915,0.02044156984838369,0.11140534996352129,0.06246340738544329
0.9679046675936002,2.933779603108791,0.02135374751712687,0.1330981332672748,0.06656458169365265
0.9661038971383116,3.124867687250136,0.02062578526830063,0.12436138554068052,0.06939610812007188
0.9642794161206999,2.9876125350128104,0.02184909046141505,0.13159875375837962,0.05106051864510264
0.991707744499896,3.16057836518715,0.021711319311072147,0.11025687654199291,0.07211815748980913
0.9890452744709233,3.0537040279434025,0.023279930168416355,0.11710578131049688,0.05258349705915295
0.9978657315106433,3.005733295254082,0.02076373522941749,0.1375988367248861,0.05967813411470392
0.948071676546535,3.0907930158272405,0.021624479856436913,0.11610894272379925,0.042400077264384745
0.9680095638801484,3.1875071736512464,0.022359093835758383,0.11597215137234276,0.06470678515893655
0.9413958512855809,2.944063315573507,0.023086545968517464,0.12579718209697938,0.03114000121922331
0.9597199424366253,2.9288899681968235,0.020125043013123716,0.12001212634430068,0.04265560685464944
0.9801406748204761,3.0014833450756044,0.022933315369987505,0.12364439613490293,0.07132165277326563
0.9927010918378655,3.02808703288801,0.022555144211473643,0.11436248964096034,0.07364133983135064
0.9898961926675183,3.194863110852412,0.020456776210757317,0.13926648227871127,0.03048582677032426
0.9996941862216169,3.043348285070905,0.02048281926158563,0.1124524008329036,0.04817128450409308
0.9945865961096593,3.0086685399957633,0.023825465334571087,0.13933081331726993,0.06497324599751286
0.959309901788993,3.024529358475083,0.022433481430398184,0.13373592234724996,0.051589749257157244
0.9720005061957275,3.1590625802468137,0.02369931347656384,0.11298144986147769,0.04712726746710899
0.9922676216693219,2.9384477300429452,0.023973900930115866,0.11004303192558926,0.046334041500904755
0.9567637170149041,2.9190161543021556,0.021326441722969314,0.13510571112576747,0.0618982103174462
0.9731489070415806,2.9360835233019134,0.02228876574284463,0.12432696672149912,0.03424722989012419
0.9465340998152113,3.0022205299083637,0.023115271783275517,0.13336276193823132,0.037551896883775394
0.9886136532503841,3.0949377319084084,0.021480021120186602,0.11041902176495151,0.04670169716379072
0.991674950144738,3.053524436549335,0.021724156071331595,0.11929239014030611,0.03516403982273675
0.9927318253422365,3.1796511774849776,0.023752860709818042,0.1322717848184458,0.04780726467712347
0.9934106773942799,3.048140399917369,0.022589991198156193,0.11383330128274737,0.038174848547071746
0.954997750045321,3.066585408514628,0.02332983616023163,0.1134158650184932,0.03745861271578602
0.9488707415397216,3.107600352710882,0.02300416739593217,0.11213622035143121,0.04660082632153413
0.972373959481167,3.093602165222174,0.02044450080750803,0.13723794752323995,0.05005788621439053
0.9796452675452052,2.967497476109112,0.02330945154035522,0.13319066926673895,0.07066710421287278
0.9601845563663409,2.921121870283014,0.020219041573470715,0.12803236026138995,0.054206049955871666
0.9514168944397738,3.0153186909674843,0.022865907870199795,0.11284306054520776,0.057604630616287046
0.9724381095401922,2.994288709884856,0.022154810594656165,0.13381345630218583,0.06908552459725525
0.9910744748426682,2.9685978550099814,0.022454984582312935,0.1378708908350275,0.06981429929546046
0.9872795225109088,3.1953145439696886,0.021746998786283788,0.13882189142222168,0.061561190380267194
0.9727685634370519,3.0441088027786076,0.023746670192641917,0.13647943951590322,0.05086471798118448
0.9852279349270257,2.9181231612821517,0.02342117202524749,0.1107981977556244,0.055102275674861256
0.9403421916042604,3.174455094448497,0.021652635420562682,0.12222889780686956,0.0729166946805305
0.9444752035641553,3.051788945625179,0.0206599784925648,0.13114815543841052,0.06454609979130432
0.9587536321290115,3.0802362527446667,0.02067145013661606,0.1278735638732602,0.03616512897768248
0.9666609561499603,3.0375293150626383,0.020706688169076053,0.1102829509339583,0.06955561438868318
0.9867939493596015,3.05319029430393,0.02381638882778861,0.1330681201098534,0.0782478313557928
0.9892915128168804,3.004180542978987,0.023750739529010054,0.11457465109339818,0.05336803224548609
0.9785348380703632,3.1323670672529915,0.02374945712116487,0.12825837213020214,0.05590844467679354
0.9957665418769658,3.0399059937240813,0.020795524271927122,0.1393033620861864,0.06218411664392381
0.9602669974073347,3.058813319513637,0.023492608242463544,0.11434123293357933,0.04221201715231461
0.9854033674120766,2.9490167149030557,0.020328639137877816,0.12203918749196692,0.05156591330450675
0.973655507973752,3.0334104743998176,0.02162279467117891,0.138929895490345,0.07767850374857836
0.9474446362630385,2.9187336418540277,0.02244060992322438,0.11485409247865723,0.07667500712872344
0.9445832492911094,3.176707921369188,0.02086711578741089,0.1224759692727698,0.03513270016584034
0.9877155727566346,3.0586668681747726,0.020652987251861026,0.11373666818350453,0.07995519010882875
0.9560350351322672,3.1414567261095288,0.022063640227070594,0.1344218242568422,0.06353224582648753
0.9924828351009056,3.074618084803107,0.02266375661942525,0.11591476266070998,0.07624458219218967
0.9677463826767695,3.072130158723499,0.022549225214140472,0.13344588239586014,0.03976690051133121
0.9743855529322284,2.9121876759499297,0.020880664152259882,0.12876619399290562,0.05936480188514047
0.9959083098644205,3.1183758578864627,0.02367144847584901,0.1353368033531591,0.05811314044667722
0.9672897594003342,3.0646675831917376,0.023869030079499514,0.11582425001944303,0.04094283269936357
0.9854572685043756,3.1627055318337916,0.02043042487487492,0.13600623635556688,0.06313422429638167
0.9495953879416152,3.1105454304526754,0.023588551279810317,0.12092552497421631,0.04252030348186656
0.9794842497198372,3.1971419973526483,0.021312809568622967,0.13806524269249654,0.06976171238170394
0.9880359798454013,3.0169107228540217,0.020390433823370153,0.1387751660879697,0.03690772169963656
0.9867631656654674,3.1388387268629643,0.02088752418022667,0.11871529039587286,0.06736930532022598
0.983372899479892,2.9309211990319275,0.021921514028276076,0.12104958645809763,0.03213213399597052
0.9861052375425942,3.173426139236776,0.020473027283153467,0.11743634454868651,0.062369108551110775
0.9460897228323574,3.1717444325613204,0.020059363498890762,0.1128795326628376,0.05538446917054466
0.9414512003445399,2.969739379929234,0.02023736591687418,0.11537190791702007,0.07206044582329388
0.9755376407582796,2.9986302347107303,0.02000558344001113,0.1332828217774894,0.04550214988236372
0.9442026800787324,3.1854164098412463,0.021839378519464447,0.12162259065837785,0.06764231997165919
0.9557400158388363,3.1979550341394405,0.021795620707236903,0.11970620904613449,0.07552242251324787
0.9809797936596689,3.1920717582307057,0.02052659246038447,0.13726466960194467,0.039610112507352246
0.9924332936769749,3.1966747415527035,0.021057057701729723,0.1399947021825542,0.06335961924873662
0.9888034555244631,3.125200560844916,0.020260466276959394,0.12957250045785457,0.03727390354291455
0.9811468123787409,3.022583896387101,0.020020698440328853,0.1330744717741938,0.05003992901650016
0.9907529516336424,3.182220233173507,0.023543591268612503,0.11385910656954523,0.045220075838601013
0.9737412621019985,3.0076240182832517,0.021577026580131713,0.1201459872593539,0.0353140638849875
0.9578224158007447,3.168374009885871,0.020666241773097525,0.11498555725142895,0.04395912480210348
0.9881317240394885,3.119684767376837,0.023335355787997867,0.11920111995668828,0.04874936170407154
0.9556597763070572,3.1368722537260556,0.023533907151910446,0.110787128072745,0.059784625305926264
0.9582640548631113,3.07716564037426,0.021751619808456503,0.1141267322751895,0.03463092524326667
0.9612327777113943,3.0063273883750585,0.02284136753457963,0.13217903074150594,0.045443855383087525
0.9638800332535373,2.958465552149564,0.021640338730346036,0.13810761323379367,0.0349754938843681
0.9917432342962516,2.9731367467167824,0.020522882871866464,0.12163819571427266,0.06442957949831302
0.9966917594340196,3.17906760951476,0.023426900732378613,0.1296409603902151,0.04942361285033689
0.986614941437145,2.9095758211635614,0.021101395897481168,0.12234282628764713,0.05555195196698064
0.9581946113664846,3.009406463727845,0.021883285023649203,0.1151408563078845,0.0471624205707442
0.9642311703107549,2.9912984531111406,0.02214109449825146,0.12205241399469224,0.07375039214970545
0.9689433003223551,3.167676803575268,0.02386570097652102,0.12290975001150939,0.03695706723203234
0.9744347661356871,3.0106127973038674,0.021955166597952866,0.13393922630683394,0.04622667311896304
0.9419675919057912,2.962282411019637,0.023601167373022536,0.12099593959517632,0.07816773824163928
0.9714576330805094,2.949086170363961,0.02039331266536944,0.11392453464392997,0.04905012942066464
0.9901133315642293,2.9444465929319494,0.022210713075531692,0.12759758113779265,0.03337845437251395
0.9483231023160259,2.995655816588755,0.02051395439950485,0.13972078395123405,0.07865436327916836
0.9822564838058346,3.0711252940789264,0.02145542383585413,0.12512735016605733,0.059429082969525565
0.9959748474056179,3.113658177518644,0.022228493262772098,0.139055959287195,0.06927208240770803
0.949122208250975,3.175609779869724,0.023942466596825137,0.1251041933793565,0.036837346296108985
0.9413613211097775,3.128703974924019,0.022291136699583797,0.1189916855279708,0.06588618630150568
0.9780987441542378,3.128984077735013,0.023031572363690415,0.11849124957382873,0.034675585500246915
0.9811810105931095,2.9194737221904123,0.020537560991698105,0.13012283371616973,0.07887813736002217
0.9694749989135518,2.9850416911907427,0.020053920228794573,0.13234658913581568,0.030503930718059763
0.9621213555832739,2.915815556321932,0.021463362060814836,0.13266605861892433,0.033766720543875944
0.9852449516676204,3.0272156144723037,0.02273303332997357,0.1308815856609578,0.053618079917815226
0.9447202469972145,3.1056368054377215,0.023197052131571815,0.11734674002296763,0.03169843091805173
0.9415598882347577,3.112501287182534,0.021596820938810928,0.11437317154478524,0.06369245576753702
0.9834702639990767,2.952959071244003,0.020149748693386326,0.12563877338859997,0.07915877882665016
0.9901679952760741,2.9911450441767635,0.02148250743637453,0.12403813774980635,0.04371670468436856
0.9913385070047274,3.080056147581461,0.021218325579570277,0.13287429714466,0.031445640207054426
0.9750985451625318,3.1195711828663626,0.022013991434378734,0.12427243684547483,0.0682117921401108
0.9639502632465577,3.15494226313292,0.02137599358461863,0.1332098916326839,0.0673986427228063
0.9519440148870755,3.151696601901844,0.023724939049753486,0.13947657623176424,0.06856068776060528
0.9647317474976036,3.1863977583727494,0.020399755182304538,0.11739987609348784,0.06267799112794968
0.9681407733750149,3.1958835422000966,0.020147310990296645,0.12539370035576605,0.056461428142797615
0.9949522808603664,2.9410741763172545,0.023179659539398816,0.11329311234445091,0.048820746889859615
0.9925294084316797,2.9803921866837544,0.023892140230912094,0.1149339055798826,0.06184817048273548
0.957656464346634,2.9784132349576495,0.020914074612295656,0.11910633521240754,0.041689881418783215
0.9407365380544175,2.9837937329520385,0.020317924267766713,0.1382406072974112,0.049871933163259705
0.9747069288900996,2.9348658707640594,0.023905802470284572,0.1377634560301431,0.07178798715712952
0.9984867315290463,2.92562935478223,0.022199991101950384,0.1297521053833735,0.03736910269364545
0.9704259925466917,3.0261626842474207,0.021099188111205026,0.11593392459910248,0.07270718796790601
0.9694111923395289,3.046522378971996,0.021245784621755408,0.11183843582164017,0.03621087929092093
0.9648058387719052,2.9928060089759887,0.02098738811400714,0.11328108052698464,0.07991348096834272
0.9612804080924704,3.1745735915174578,0.022213597086875505,0.1217584559142943,0.06637945323842753
0.9593656208595185,3.0010906791223797,0.0203574837570007,0.11081293949332424,0.07173120684188067
0.954793725501013,3.1322596868261,0.020811154188131283,0.13064860047503668,0.05257014999888768
0.9962604760311544,3.021412239686586,0.021351690271177143,0.11294171505619932,0.05799078829491723
0.9774085078370344,3.082200817861883,0.023850260286570578,0.12306624565121208,0.06403774003956851
0.9460913098017978,3.0950187137286185,0.0220443495385658,0.11354210434902977,0.046590453114695785
0.9780173059317773,3.0109133991495387,0.02238256063199652,0.11269733320838629,0.06898171515220564
0.9679312722269742,2.9703046005016427,0.02148602767735209,0.11618932435977793,0.032245006912574474
0.9611766314131059,2.986432255713007,0.02080089034919925,0.12514539303059508,0.05348478874075516
0.9517200369643647,3.007182746336401,0.022696274671748493,0.11096497750284712,0.04455593995400738
0.9548624951934559,3.001251290292667,0.023853517179867417,0.11191606563258921,0.058247686026531534
0.9909533794149379,3.049007996114539,0.020642548076854204,0.13919996831111078,0.03384969357995338
0.9796710331138874,2.948150195676122,0.02398141090129242,0.13518224098321296,0.06936795582605434
0.9889472375357566,3.074112363060657,0.020865306079949266,0.1102304268989213,0.06161637430032894
0.9860681182316565,3.05434399531058,0.023804164114996754,0.12296889671060128,0.03166679641209913
0.9712874054741126,3.1061548725176906,0.022776272350099474,0.12099438270199922,0.04954636818831585
0.9596756083051334,3.196159658771698,0.021314157538994565,0.13792343347449404,0.04849140483879515
0.954587024779432,3.0294886146407367,0.022061506487721445,0.1304125876045654,0.05879105474918962
0.9885767318982331,3.0405957404915127,0.021968668292587288,0.11544755857159755,0.034768071742191466
0.9967798094882359,3.195193649082409,0.020306262508448393,0.12128626355397618,0.04461754694270291
0.9803479175040565,3.152941488574526,0.0212985025249609,0.1330300073202183,0.06904490547572634
0.9795126035182448,3.026937026297147,0.023058684487352835,0.12245523584114867,0.031227391057497708
0.981762150786007,2.9947106543872986,0.023229166661178077,0.11344454399030661,0.03170452302897298
0.996890661839805,3.089588410095462,0.02311971562797397,0.13467649721157343,0.040802887546297385
0.951131445026539,3.081885822354901,0.020540431878184717,0.1334175766245903,0.06724210757735405
0.9906956398686632,3.075650446045754,0.0200379395615925,0.13820603996121933,0.04850874469314546
0.9432195463197408,3.1993616558384046,0.022294556841511402,0.1347317540065508,0.07520427404360622
0.9800734264997775,2.9888454940956386,0.02270443317302833,0.12697716581374308,0.03411905033780918
0.955576626887838,3.0708371001542547,0.022795618478095067,0.11587316703640715,0.06770174545178138
0.9997131436649532,3.136191848322769,0.021996043259555557,0.11450804433040668,0.04026415662565781
0.9920676506704934,3.040053172989109,0.020367348610380524,0.11103968244410106,0.04494897911006645
0.9512595454982306,3.1425198193252815,0.020003231583993593,0.1194478019154116,0.07561118122389819
0.9862681194866514,3.1609468016635915,0.02016367316684492,0.13615660241627103,0.04900454717703686
0.9918019705379482,3.1470837946110484,0.020093337601186388,0.13909716901168487,0.06680681728600932
0.9818359436491157,3.0048453084123086,0.02266008011516131,0.12861278369832393,0.07881616482558867
0.9577784561609501,2.9224265855151113,0.023802429111955334,0.1342549086458049,0.062476688198716594
0.9504806203161938,3.156057402668128,0.020712365220925167,0.11534108242672876,0.058309974986226615
0.9604192807305136,2.988283562890533,0.02226668393537923,0.1105785960221035,0.05768170818041331
0.9752772445595176,3.0674255020026524,0.020215591622720717,0.12227084078585714,0.05272111135500157
0.9767761250741169,3.060528218583412,0.023930362596344595,0.11738391860870179,0.04897598673840238
0.9610518838111394,3.0765760026891513,0.023673295918939914,0.12029693902061646,0.05253885999925746
0.9455498244993198,3.0581638306709693,0.02160850498822447,0.11067238171424637,0.049826708603452674
0.9857640880138174,3.1566232630995277,0.021018708104858168,0.13332212115937228,0.045798411666292616
0.9403094405427274,2.9055333957675042,0.023141787565103246,0.1266539008465523,0.034348619944169795
0.9496057069246285,2.961380577686203,0.022743717213143846,0.11885722429029084,0.05929758436272578
0.9704610228634064,3.1500405604980544,0.021962111038287355,0.12141188403896946,0.05865792763360128
0.9719761512572687,3.161418560532751,0.022215098100702234,0.12946140355787988,0.04127502841899021
0.9748592222131572,2.9272999528370534,0.02192929926581057,0.12911950765448296,0.06910290406909754
0.951642622523569,3.0717679212535463,0.021413713642499027,0.1251888184274723,0.07708135287094262
0.9417606216679664,3.0241005142957236,0.02200352571427362,0.1286251487111306,0.058828489258766284
0.9412824847289173,3.0417553513869673,0.023819387480878126,0.13254464707835267,0.06799362747740494
0.9492048638517326,3.1235739759550674,0.023959774567867347,0.11453560926684132,0.03455312752323609
0.9827391244335458,3.163824726092104,0.021523199950008433,0.13673321049767825,0.056835212808148
0.9443169657036001,3.053369421926851,0.02042706382923709,0.11029509331615968,0.030297245985098666
0.9820905666419314,2.982023593502016,0.02177761451421842,0.12541781625961848,0.07673574517403253
0.9765266899127655,2.9323625664226958,0.02242114115323396,0.11712989717223407,0.05401795748671254
0.9798725426267191,2.992204048064423,0.020039603641938356,0.1276406814822969,0.06072973598474704
0.9878097058712547,2.9877737852223283,0.021264962371501692,0.12454479871252609,0.05375400971026152
0.9892374350479941,3.1909553187736037,0.023210786642969484,0.12379445914664722,0.06467497370068599
0.940361145527758,2.932767555638589,0.021030803134796668,0.13148600162861485,0.041611233963479516
0.9723612985646568,2.991654263581264,0.02112475666317497,0.1289049361795917,0.07603863018106707
0.9954613641579853,3.0714403476526737,0.022487299539606865,0.11350735853856098,0.05998344779329357
0.9721336298834559,3.034804586771263,0.023739334234749172,0.12189994453244257,0.06839626821414396
0.9423121168771996,3.1306454229828464,0.020209797601108147,0.1161023797399262,0.03527668134809982
0.9797425864213489,3.060100659679425,0.021649687669552924,0.13471708847461478,0.0366780190445275
0.965045559003397,3.0177471874119894,0.021722997533620947,0.12263205909780106,0.05661685022386462
0.9882361551318806,2.994502665375565,0.020202646522741022,0.1310772396405208,0.07608119654319179
0.9536290527317803,3.1708423153899306,0.022077351320013594,0.1352942456210616,0.04970708217479557
0.9501414823484785,3.085464701027323,0.020259410757788424,0.11059265706801004,0.04115965715458185
0.9427171981060126,3.112281330031496,0.021588830773575568,0.13150985846408558,0.059935754002794196
0.9650609918864217,2.9420127108122682,0.02364917255665267,0.11552638298511093,0.06241312506373214
0.9636540503071459,3.1954899043894,0.020262205432664934,0.13296634381490252,0.05558629850975394
0.9814433033345283,2.9754413665946084,0.02219080409897376,0.12476856272315182,0.03830727390924414
0.969038586252502,2.9049933668475907,0.021275426212352337,0.11785022442004321,0.07285932185061719
0.946623194755461,2.9216839321482175,0.023108328733481894,0.12899591612534608,0.06209828154245054
0.9530067127350603,2.9415032342811833,0.022520716708642176,0.11758078154088057,0.031849740047462244
0.9921517691347175,3.0488397725519025,0.0207924625399352,0.11455911536344415,0.06399240853957225
0.9957873617931835,2.9263730342438308,0.02317515853225767,0.13654893305696264,0.058647169567924824
0.9890899391571147,3.076960614130826,0.020054577188305042,0.12388927837207976,0.05403593242367391
0.9531282565400924,2.9675304542912126,0.02087443209683959,0.13696436660536315,0.0773094321496478
0.9794731735339354,3.158812938974573,0.023891837470612104,0.12551848093573822,0.039095431807961545
0.9939434985645372,3.117283264877305,0.020350818452502726,0.12794959427209507,0.054817781474119004
0.9519339124065082,3.0780632192626,0.020196401068435146,0.12493800108283354,0.036081331878092704
0.9965974440766889,3.125447690501756,0.020400943265359246,0.12598804930339874,0.03251975164217266
0.9793391187711573,3.0784614286944287,0.022086216223596317,0.13915014245362364,0.06372919291287724
0.9894515443138501,2.9105196725613465,0.022395276630649955,0.11438676289134672,0.0671121027399889
0.9606428862787576,2.977975262688709,0.023776843878473626,0.1332686835320866,0.06264074875598666
0.9463939725542615,3.0830940477849382,0.02301365338248021,0.12724123927466893,0.05593948579974906
0.9527495442968595,3.012189524211126,0.021115609445639588,0.13364346005060723,0.040152699012099155
0.9568736307737795,3.115984165180623,0.021104931162095518,0.12980216591809104,0.07048126305927194
0.9734112670550891,3.104431416408607,0.020024198636600477,0.13361218866880054,0.052473657115871375
0.9552752897653052,2.9899854181043324,0.023069873432733198,0.1376936209865428,0.057811592234451877
0.9486575635592772,3.0470144206706036,0.021380321392855867,0.1182041356479268,0.05525959781895147
0.9793968319779037,3.136767426413034,0.02166403398900185,0.1286347092874303,0.07347239642468258
0.9560740510596399,2.91382606315682,0.023214006486653713,0.11875852491099692,0.06817249176705387
0.9591770983883756,3.0426403468577425,0.02056586287976787,0.12816666775275487,0.05622998875469204
0.9869835531040041,3.08530242298968,0.023191354927156124,0.137121405302145,0.04249253191187564
0.9532217346748163,3.1497670399371214,0.023322638354815014,0.12746156491872937,0.06252110246776865
0.978941431096067,3.122658088676495,0.023656663929911816,0.12915628909129512,0.053465481175632636
0.9434584127501591,2.9983039489068313,0.021868424494562267,0.12431154585812251,0.07395799847861426
0.9768679708133648,3.1840725289481226,0.022634092043635465,0.11795047024289934,0.05905081466715754
0.970328896017988,3.0127426327748075,0.020814480654592023,0.12153870671294514,0.04919785227737625
0.9449017153333873,2.982778569557219,0.020577013581334264,0.11226140471448738,0.040998670970706634
0.9611175994172342,3.0128133660575407,0.020412510708071596,0.1273560226402734,0.04278825025169166
0.9948276012250314,2.9534962389061246,0.022810767385807895,0.11249972660919544,0.04308134316915045
0.9592659604802135,2.9123186233109855,0.02058151439813951,0.13706709466926062,0.052144413884581756
0.9905788733252974,2.9903438262043744,0.023198902037452132,0.12353414109080671,0.059472809427214834
0.9402701342146281,3.101000847714958,0.020081070000348995,0.13847200911927227,0.03871891078610486
0.9927778730151633,2.9277681161214777,0.02127837066746784,0.1293228233888264,0.06808842433419779
0.9475354003015666,3.170496394278047,0.02266773509720371,0.11679328723393903,0.059230701946601634
0.9608012360773368,3.1774220935824213,0.021930185476418302,0.12599510614464693,0.0792650963313728
0.9609275820457547,2.9836092133458774,0.022624479449430628,0.11407153470039577,0.06311228097794452
0.9929281929789203,3.019144210317514,0.020180339306318774,0.13261906172320584,0.03090612619669795
0.9851945871864715,3.153938796031995,0.021550641979943663,0.12833425189708997,0.0761119093207614
0.9861461860306705,3.1342549627837055,0.02095759618556294,0.11548473899072385,0.0583397487371676
0.9834491219919279,3.1022231720093183,0.020106558163619843,0.13662239018661396,0.05744084457288
0.9618352475885965,3.1280469913700664,0.020971503656243565,0.11564711919600723,0.04843020425392013
0.9977298718217523,2.9013052439014,0.023967334266498767,0.13037519953570098,0.0675112633062665
0.9506171081953758,2.982368901261609,0.022902974773503892,0.12784289958480205,0.07524503901658419
0.9756286901854309,3.061950076270653,0.021761458528634342,0.1183764889013803,0.072338443115993
0.9951733240694406,3.096658798403443,0.020697561053141543,0.1211584984185685,0.06520536656121281
0.9658901541578908,3.064420459989522,0.023063952605195764,0.1128912310467394,0.05517391644307397
0.9685353766186887,3.142912788953556,0.021688972562917665,0.11638168325177006,0.058393688718532594
0.9511119508489257,2.9458953999532302,0.021950707976552058,0.11720398349254732,0.0445831743434072
0.9683400364744505,3.118426060562731,0.021320568912005764,0.13681807554015615,0.04877012139448654
0.9760408867476046,3.0165065875799666,0.02275176113411711,0.13993767546510277,0.05597085957048649
0.9974356662727955,2.9086088921819857,0.020917647195450292,0.12332431255084456,0.03481797468481246
0.9494406532558481,3.172666475206839,0.020524429587728113,0.11942060279250595,0.052387687503783045
0.990848739080757,2.900560914602536,0.023985683899417763,0.13125735856572723,0.03992287865031417
0.9972410057127794,3.0503617229335065,0.02398696452042585,0.12456728974066372,0.06564931130946772
0.9942166854175178,3.102182509393165,0.02016631844380212,0.13484706235671146,0.06889847176494099
0.9798150026488359,3.1915959028824394,0.021959723258614214,0.12906803263214262,0.06518837822190356
0.9876735583388694,2.942654685609081,0.021744752942491258,0.13183561647340802,0.06077165798691121
0.963191164828273,2.9953842803466286,0.021700941978799855,0.1377159114711375,0.07171839648341047
0.9567221624134209,3.007280309882423,0.02261644564103434,0.1249719679746621,0.04734267743155219
0.9842360274585485,3.037098599814017,0.02392050628475373,0.11364046485331787,0.04406096266166824
0.9543949209915393,2.93347709007393,0.023496365455561444,0.1363118382062787,0.03297385157507233
0.9436002262387067,3.1072628330878342,0.020453381132627905,0.11757125996406215,0.03956831168254084
0.9690834201593168,3.0208640284183543,0.0234832124573772,0.13189016590126335,0.07527909934491056
0.998089217754992,3.163610851573282,0.02149970454287492,0.11085775826597688,0.047899068127800176
0.964082074250103,2.93209144116246,0.02108266514204883,0.1140594744337611,0.044958698787919874
0.9551695890712208,2.90668163889038,0.02093708407797967,0.135874316290195,0.05061424433684135
0.9969507680691065,3.000268092163089,0.023679849432467443,0.1144149791602147,0.06199227843112712
0.9969995669559166,3.1033766606664375,0.023025004880685367,0.11856034397511456,0.04063264042465616
0.966992780395733,3.1259340805747287,0.020929427045637213,0.12242568704438624,0.03998001959049372
0.9671384333161407,2.9107929792587277,0.020806929108957883,0.11538506886407683,0.04957577520334058
0.9438333693341816,3.0161366455235865,0.02297731009633636,0.11761759591279726,0.07370835213248494
0.9551049739381141,3.0236691154163515,0.02046434521467553,0.13624495184486168,0.04000832263101111
0.944669014255991,2.989543591415513,0.02364324396978533,0.12582574948305195,0.0642129184379478
0.9894067530868949,2.9462468259755936,0.022434073241300565,0.12645638082130184,0.0379357009790548
0.9664787115776695,3.144262898349724,0.0210903681378756,0.12966708143986974,0.060229528902876445
0.9655463357086467,3.0550821713015646,0.023502861653146523,0.11994265356757951,0.07662347604165257
0.9565450399649971,2.976251693982493,0.022758291705387186,0.12404325746669069,0.07572856898718108
0.9824571979368754,3.008194514090464,0.02211197972486172,0.12101560846532286,0.03142198795489652
0.9852982399860301,3.062576538177184,0.02119235341567712,0.13299884225910352,0.07012628068986987
0.9595006307122405,3.017466007402044,0.023473734147898048,0.11232682425888613,0.060854034071630286
0.9801738674242042,2.9802272471574325,0.023189766416344453,0.13866614286680626,0.055670654333771635
0.9490789413480687,2.993981602272576,0.022255751114944343,0.12148969048567952,0.06275014773825582
0.9886637002826549,2.9772631493105974,0.021133430873861457,0.13710169847640882,0.07941435333604561
0.9542664004189306,2.93029916008417,0.023194441493774882,0.12888504999442787,0.03808678272824745
0.9492583522391496,3.050541087216017,0.020591807845735655,0.12006100757272455,0.04078744668028413
0.9458970445599659,2.9629182447881384,0.020074301868702727,0.11854662136545951,0.07582430839547735
0.9531988532366414,3.052829874679204,0.02317685903403039,0.12042787722784944,0.07932782985151798
0.9402209466039407,3.1081395285121323,0.02292969097058369,0.12172397872490835,0.04719168962165231
0.9781338992235743,3.0218769920933886,0.02011354760820009,0.13129566798399778,0.06524658824588643
0.9498424424365279,2.9896924481230647,0.02227797430750289,0.1375372551659971,0.032204728149552234
0.9999542959964011,3.1819061235068937,0.02310528453664917,0.1331739698302168,0.0363785960459377
0.9918642431718362,3.0948450411199184,0.022442854591728133,0.11251875066169423,0.044447605953703506
0.9448359886890555,3.1648262585616025,0.022853516983095505,0.1140297706036496,0.048231768975528916
0.9717680093756573,2.96823252790761,0.023016767475930018,0.121570895423983,0.07337568844538661
0.9855587635155624,3.1138902383559235,0.0211029249251303,0.11423542479782357,0.04787150993035534
0.9569634141407939,2.9434703349317513,0.022872310539884238,0.13761747257756327,0.05343925927260004
0.9851509977042846,3.0098030339188324,0.023293741497822106,0.11069948429292752,0.05835999196324884
0.9583574548657126,2.963692601674428,0.023579477655831967,0.13475071924668552,0.07141471035442921
0.9454971198742436,2.9170419941954733,0.020133736375859163,0.1259620527270476,0.04867498957707742
0.9431483217737807,3.1664953423391156,0.021800626203488962,0.11963987443557064,0.04747334217955948
0.9678304647989879,3.1509132528711516,0.022257989160400365,0.11590197797130229,0.06789708385213139
0.949501375111336,3.0377538215254667,0.021792549768622355,0.12841604816559715,0.05009177015822337
0.9888625927228561,2.9364564667099526,0.020281618960546026,0.1241872522909455,0.07068887411760422
0.997234320809224,2.956526493731557,0.020111808240924598,0.11461039743127838,0.07180969794362746
0.9784704951132437,3.0977340049987987,0.023151347283974416,0.12348622364399583,0.06590666988472328
0.9937658587423426,3.038341855675426,0.022927283088709137,0.13924575451267907,0.050314437073260526
0.960487089089184,3.0794823079247653,0.02335191371803381,0.1396549408105996,0.07035171252651314
0.9817393198941824,3.02786572295794,0.021175317795921154,0.12557644192977974,0.07555271060559154
0.9878604285959817,3.131209627700307,0.022367079590994057,0.11596481454454025,0.03550753632215196
0.9708105705717696,3.056236286345972,0.02020521558959197,0.12641857829791453,0.07543936140079877
0.9996402812567989,3.0458439832613737,0.02111128163110158,0.1127994274643926,0.0697142300768814
0.9699388986343725,3.0100208275396967,0.023616377238096956,0.1357600914831019,0.06027003947883096
0.9904681589727586,3.0914420812090504,0.023781474921568704,0.12868065688014715,0.03263472627417195
0.9600748063712843,2.923979589153225,0.020975610322990976,0.1303927104574435,0.060998896371277686
0.951207532174072,2.9141317671437,0.02277970257121203,0.11822810076894595,0.06012525576916544
0.9874148223995972,3.1156252514263816,0.022534882412832552,0.112577209934445,0.07622132090293285
0.9693496793611265,2.9924906349785143,0.021989420186743568,0.13134452912570121,0.049553848737570544
0.9822990301340246,3.0537875025313874,0.021399236022882004,0.13577601968284245,0.07434380804998275
0.989435338010013,3.147419991799875,0.02111860876461009,0.13045706760057582,0.06571409102631419
0.9580766603508912,2.900267603127638,0.020640869901107497,0.12481781096469828,0.07658725627066704
0.959166597054659,3.096127168638672,0.02220337680189025,0.13379821630561878,0.04246415626601392
0.9443827620063154,2.9140265096600064,0.02014436300219225,0.11893661521410633,0.06641619793013415
0.993247747318581,3.138736887830777,0.02010466260022585,0.12680242749448836,0.03016085212720502
0.9663507978199122,3.1396734099383576,0.021439925587923535,0.11418812467782234,0.07039582404481398
0.948367264913934,3.125609365651864,0.021564072957271883,0.11669575614062597,0.040365534068182815
0.9729150028137711,3.0397692920061,0.021685141215345143,0.121319644740515,0.048702182500231464
0.9840424066775392,2.911002367111051,0.021293778519719454,0.11131276710815513,0.0365438667908444
0.9956834525301045,3.0174292395801476,0.02005189137944828,0.11088943356449675,0.0596136678481258
0.9709048490533718,3.149288805555325,0.021004397847734786,0.13162943997870735,0.050924298249702155
0.954476160527448,2.910016806306548,0.02257281256258599,0.13006961274508683,0.05497411526144093
0.9606781855451149,3.0579184752256263,0.02114868716575268,0.1368537511675775,0.04177351672085687
0.948106907381366,2.931909736817306,0.0230712209080836,0.12390370041211557,0.06930403425041588
0.9703431781364102,3.086524300208323,0.022316062890378196,0.11309998241360089,0.06485273051783808
0.971088409363568,3.018210720779622,0.023548184395894477,0.11420013455292462,0.07114670808119908
0.9510161195082372,3.120979325846758,0.020116711252943644,0.11263581708562642,0.0677508712932093
0.9405338673358632,3.1441250636932465,0.021858957025774364,0.12726257255982748,0.04968193677944167
0.9632473339850746,3.177696035333173,0.020822302769007418,0.13406975905362378,0.06340726447978502
0.9864652967797556,3.089773107649782,0.023082095936602893,0.13989270959459751,0.03185770351315069
0.9446348250671033,2.9692202751002252,0.0232825870205628,0.11129766889250996,0.06618499184019956
0.9480330729694176,3.045743224010527,0.020718269519299858,0.11589335146232528,0.06338506061847665
0.9700544713881329,3.1884730190603117,0.020678841912092294,0.13244895426825995,0.0584437543831587
0.9971968946590243,3.144356358151112,0.020720981581420512,0.1156929576570245,0.0757813431546625
0.972598628587875,2.9165858864075176,0.022689326104536858,0.12579273620367007,0.04173215476964493
0.9717738090725835,3.1185641611026136,0.020402238394123924,0.11617322324296343,0.051867898345194924
0.962870862287512,3.059306794263214,0.022600545898703663,0.11987757727157615,0.039782779785637164
0.9579168238626263,2.9568621096108005,0.022298473568492055,0.12250350214166547,0.03931815983703836
0.9786550035500581,2.905200773308309,0.023774114470814626,0.13778738051234826,0.0363131985916009
0.9872095541134553,3.171254088951456,0.02198095989744276,0.11751306426615653,0.04320326980472924
0.9722092296150356,2.9264851132355063,0.020819588665886672,0.11665169902688574,0.06945744862343928
0.9854835650403813,2.902692258850254,0.0206800533361806,0.1298644427338697,0.03604289253288971
0.9477038657573496,3.192755586812202,0.021014248548496667,0.13440062914740208,0.07283842947163607
0.9561788278583727,3.1764692015204417,0.02096268285767531,0.127163703362052,0.0477206668300926
0.9444436777651692,2.913758642122457,0.020269743243671888,0.1244453563356449,0.06536995900186365
0.9665159004408976,3.0292060968649848,0.02137336227370101,0.1315229997619223,0.057384971972069605
0.9877672304431834,3.106281020243869,0.020061688974797976,0.1295066469939809,0.052479658040732964
0.9521451673896573,3.1663688476622345,0.020885995177205137,0.11683213048765408,0.03054513295757845
0.9604982727227281,3.1848556679216573,0.020731582489022002,0.11054526354482355,0.04756970413846354
0.9420394597942305,3.199586216870868,0.0239911319906467,0.11199579819707728,0.03563664285294642
0.9793252755139307,2.9975825338337305,0.02008959421641039,0.1399718295609097,0.03488272742047781
0.9415197628358603,3.084120826951579,0.022780661039623576,0.12026325713425032,0.044822996319753235
0.9513693244347401,3.0679828320954248,0.020079210007379656,0.12830799940084878,0.04387158845924465
0.9502176654058629,3.099133756582046,0.021203781820072647,0.12801625010059708,0.07218502135181032
0.9518983439340862,2.984823963922479,0.021179371605027062,0.12414718503452533,0.030685624623960787
0.9992351531255682,3.1145133671895358,0.021282324040603533,0.13941780797162862,0.0457693597698942
0.9624954063066559,2.982096485522043,0.023811062715487316,0.11702474430930565,0.05410598431919722
0.9828311405947796,2.9076073024350313,0.021075018336867483,0.1215008967602971,0.0625333176180996
0.9984475980866235,3.0913291941580923,0.021340552400468803,0.12160234343646395,0.05025717820695083
0.9881732509525661,3.15938917354311,0.020240569751953087,0.13747600091439427,0.062136100725224
0.9781043406499638,3.022512571602954,0.02359852804043197,0.13691069049924282,0.03440334395200606
0.9994479543975195,3.187608918840052,0.022970016459731495,0.13511647343882938,0.07197212430993924
0.9682286370773566,3.0158314528235386,0.021045152743349196,0.11616129780664057,0.041866308199233475
0.9497572788140035,2.9048802128996547,0.020362263001014947,0.11717397611616834,0.07975064964623887
0.9874333448869963,2.961911817918232,0.021008681881534395,0.1386346918544821,0.03392522233188926
0.999122169816736,3.0686502807359566,0.021304301692757602,0.1395475930300591,0.07845380301642974
0.9742896326300262,3.085933703429287,0.021639055924754937,0.12113938863930113,0.07906034038134249
0.9608225547295389,3.133050951632855,0.023500841480225666,0.13526183806211386,0.036855675115122465
0.9700287780020558,3.0908085813853807,0.020295906706191483,0.12244116862288439,0.07328561615949213
0.9659264082930789,2.9587777335422225,0.023895641259215873,0.12443371839600893,0.07052126238118972
0.969745916646188,3.1658402527864684,0.020894697516142435,0.1160118409372083,0.06011740099353284
0.9530809307529027,2.997882699406977,0.023315911085047127,0.138391706226508,0.05619143912275845
0.9882400153178712,2.9968545962678785,0.023245947208302434,0.12526230617633669,0.05232290986537565
0.9843317779720391,3.016551142523586,0.022222590722962142,0.12715924000056078,0.050688782832035206
0.9495648508746211,2.9058315583015397,0.023344825869173302,0.1291474151616554,0.06053142833539211
0.988753230813153,3.014412997721385,0.02333015401602669,0.1348322301234117,0.05229352912704537
0.9473246264248569,3.198944670512296,0.022690880981245054,0.13385417567697455,0.07911800055782109
0.9889040952424731,2.912563957315496,0.021364320251434536,0.11314882182554252,0.04962100181020329
0.9450885704624828,2.93332189167308,0.023685710829269745,0.1233968684264031,0.03084425671183468
0.9968064247480422,3.071697089839361,0.023563763747546772,0.12489583535390722,0.05263904554273119
0.9699492900621592,3.0631137098485004,0.020690996568166295,0.12653575133564665,0.04760254144234494
0.9654790206287291,3.111720127988082,0.02299670962807867,0.11714590408579237,0.06363917196981284
0.950721257079696,3.003433464529975,0.022722484771244257,0.1288554663127472,0.052076003366062565
0.9407853779264072,3.021109736165441,0.02351250133602386,0.11047732927557113,0.07633802453856715
0.9883822808570503,2.9316494757528337,0.022490066524850656,0.12093704227157223,0.07496215753453825
0.9518423754313564,2.99079605371847,0.0230211303978309,0.13211294975699867,0.061900012047245476
0.9914095275217752,2.9607133395434784,0.02309146523502241,0.1101635998063148,0.048315148845087495
0.9810694772484185,3.19653284066639,0.020551456608505454,0.13002260205836136,0.03358169602251248
0.9452468318562739,3.0162701008842463,0.02224355777099258,0.12594337114074544,0.03317474733388922
0.9420485438498702,3.0498115074881094,0.023316981002789724,0.13059332575929994,0.0582003676019191
0.9400562384578278,3.109488211111004,0.021884296700995332,0.1206163266957728,0.04009332570536635
0.9634357450145232,3.135608999051421,0.021767994257377812,0.11317358129419265,0.07667468661975804
0.9469927062314851,2.952703728016373,0.022216833971467558,0.13110197615733707,0.036357501345364286
0.9705796823606896,2.971690930463911,0.02191623830693838,0.11465630879955606,0.044530188327974035
0.9837921125778362,3.019081692830037,0.022246595100853625,0.11159309175970618,0.043890349161659514
0.9739892892317404,3.010727261896302,0.02269558781218734,0.13979991452087154,0.034059294224805574
0.9561070013584236,3.1128392006350794,0.02396394859245685,0.13338625040209642,0.051542215431393285
0.9643701802355464,3.1886016147126472,0.021660661098412876,0.12698712357806216,0.05898697700166207
0.9931186924855463,3.026660033051607,0.023100082417220908,0.12749317933949453,0.03986439433457417
0.978360026655129,3.081217470270557,0.023785728428348748,0.13592225622114554,0.06476862308096645
0.9826985311229267,3.0177790669128837,0.021241046006965473,0.12400711574035787,0.058453880806413436
0.9522289747496484,3.1510518979609277,0.020746979967635294,0.12056847370638345,0.07525792369457404
0.9938758840657488,2.9600846465518926,0.02116021659637755,0.13161445905935842,0.04928856654167117
0.9407001840410084,3.008016843336944,0.022364812427546135,0.12069763273593141,0.07249443272452602
0.9572994157169131,3.1496086801589107,0.023400228049773816,0.13337663070525968,0.04083811279155513
0.9670464679782563,2.903291181550765,0.023436215245792088,0.13020772775737377,0.0719885937213818
0.9791416168008183,3.069148561909036,0.022347753678828255,0.11958917315388042,0.07101108325358613
0.9891329768973153,2.9740065491641885,0.023102041539571492,0.12097816407296787,0.041013537874734364
0.9531551752353723,3.0685749804179263,0.021418936839578007,0.11261591034112178,0.049246066386529536
0.9857153582830297,3.060671547692655,0.02090937722512666,0.11653054499919382,0.06283433067310812
0.9861148248737325,3.007739015805315,0.021348318847133126,0.11162562177815524,0.05326376357098715
0.9989381930043606,3.011393145535001,0.023247163213804184,0.11166306036121769,0.06766440104072492
0.9821983166527839,3.0652948142505023,0.023033449738489347,0.1204887213953789,0.07616055136071476
0.9902558149750973,3.140818596793343,0.02369029183246905,0.13073305899350599,0.06397254288574644
0.9962206898089595,3.056447787882965,0.02054280632392414,0.13569811232736026,0.06621670264650373
0.9439420429062311,3.098845681620373,0.023873878770049987,0.13155487307721367,0.06494762844924723
0.9517870477121764,2.9303583665333908,0.023762948269538075,0.1144331680504974,0.04775770196310994
0.9634294952158896,3.0390093524777875,0.020924445214537426,0.12419135034340226,0.06228904158509406
0.9405975554805958,3.0332301906891157,0.021554229659133454,0.1148387950959396,0.06109391611865199
0.9474386808499533,3.191961337576716,0.023352180261018877,0.1147298316796172,0.04076706878505263
0.9763107133502713,3.113325189738883,0.0212390483398813,0.11334770377265004,0.04736520225808334
0.9578995448296421,3.1130625517061183,0.02224507062716461,0.12180534332119308,0.03256209026441179
0.9691184448391325,3.0476907599685306,0.022586904120098776,0.11581467631942988,0.047006927334950876
0.9586785801121689,3.098092378342021,0.022042766053501247,0.13009908729690958,0.05138361612704712
0.9769448508334853,3.1960320460828573,0.022862561494018586,0.13574362616326993,0.07907884347841469
0.9947387559063755,2.954700944346162,0.023206571315797012,0.11798627292711289,0.0469842049613412
0.9668033343127868,3.0611340960465196,0.021621619918223017,0.1369466643180089,0.06834604745527642
0.9479677824418212,2.9906504009264876,0.02232501385678337,0.13288430612694993,0.046352875749964606
0.956326815228565,3.07602105638225,0.020368099893688648,0.11113363452065847,0.07595529817681029
0.9733249619128059,3.161107131128434,0.023863323828837334,0.11229341268870943,0.0582624548796231
0.9505242321959761,2.9114548721165825,0.021707619815280854,0.11728814740613991,0.07980077283181003
0.9782902527908256,3.154709532362794,0.020657020224416015,0.12375449896305406,0.055610640720739214
0.9654232501333949,3.1338477536591096,0.023646277515911196,0.12095570043979076,0.0358063827207656
0.9697151823668152,3.047207239634314,0.023487485060213545,0.11931539363348348,0.0595899819998113
0.9837351302013598,2.9134916126872437,0.020230727656133828,0.12320024930223236,0.030627605137578843
0.9503889368629753,2.927301410310651,0.023558554343475917,0.13220991123314899,0.0661599695466735
0.9698176070007254,2.9413667476264664,0.020097164919528142,0.11824697272259656,0.0432511624746293
0.9569201320741976,3.163494359611982,0.022510581542027844,0.13639388343904008,0.059021512269890344
0.9757198921945689,2.935514994245193,0.023619343843559185,0.11142177467467404,0.06307219137202355
0.9793834771471192,3.1709141364452256,0.020253829556648447,0.12588012865034368,0.07893678875263743
0.9803093646203146,3.057422358935747,0.02131791315987953,0.11308027145549954,0.0613609130299611
0.9832395710120243,3.079314911327626,0.02065112419283515,0.1103097478768656,0.0477443391202475
0.9566049979681958,2.9091460921321435,0.023709343518343803,0.12447983191559654,0.05367228207400784
0.9529581132627304,3.1255021732092065,0.021201204450557717,0.12629297262445177,0.07387656721740071
0.961241288786388,3.189286161071916,0.021021471345551452,0.13255087079391886,0.04200929517685179
0.9564813296519177,3.0210017332079424,0.020639872496527167,0.13107184992741763,0.07694613951429945
0.9975962829896265,3.006661057501839,0.02249397230470805,0.11890097213391146,0.0488763131551065
0.9435291984061751,3.0068709352866243,0.02064660843267305,0.12757524245458013,0.03971305870030732
0.94399548691449,2.9003381966502078,0.021590383101177016,0.12522518989754558,0.037740741813126595
0.9998575872621119,3.0671595823149347,0.02373466679046556,0.11624390189142751,0.07533125671707634
0.9816434276455211,3.1096476017487147,0.023268693037287777,0.12859579564352605,0.07103513578237208
0.9963174647457949,2.906781349837076,0.020901159750994023,0.12421236919665199,0.05429165375372075
0.9787849289096038,2.946460922389221,0.0229181757259902,0.11253036545686386,0.03705063101666136
0.9885027556574435,2.9825415393368777,0.020700852193412857,0.11561454694925713,0.059108901051334775
0.9653887975424921,3.128314167942735,0.021630873061007874,0.12378398226825645,0.05339322936413883
0.9578587534305877,3.1732258888058036,0.02033690289603476,0.1219610512931693,0.036940434268175386
0.9411767831342474,2.9258414697674153,0.023076571401175614,0.13169427034738948,0.044452741049958645
0.9453821382166167,2.9018049391700753,0.02379176161463122,0.1336005206153511,0.060007076836351605
0.9787156833876713,2.9283067687420314,0.02006289992509458,0.12239952878479564,0.060602271898223314
0.995039296227624,3.0934736439510946,0.020488847221719668,0.1228490601111293,0.06692260254637998
0.97115305472947,2.9785193230383253,0.022285653605826735,0.11282603542746561,0.053335816025653564
0.9659567916213088,2.9795957645105235,0.021759502480952674,0.12611073170169546,0.04916096956193043
0.9846991858012335,2.968426893247383,0.020297606483878163,0.12308320945523532,0.06695737093932111
0.953710935588272,3.0116051631047607,0.021479451178750688,0.12792850325628166,0.0376420786228555
0.9740611240618351,2.9290103380872567,0.021205890912968758,0.12076992227375248,0.033023555899635126
0.961086161738574,3.184811352126298,0.022052186089553515,0.1268822205098698,0.059630077706528985
0.9548248506474367,3.1044897585352116,0.02285521722975116,0.1292920421090924,0.07458144875616698
0.9929877054566978,3.063214763850925,0.022766802673055087,0.12371707138355058,0.07435274593606007
0.9645863661481551,3.0384782643955957,0.02280389230727911,0.12319998065083317,0.04603679268775989
0.9497477916431855,2.903003518547982,0.02002798899765192,0.12183922775545253,0.05869391538260535
0.9754909734398418,3.188842768752406,0.020331945433147473,0.11646459596351887,0.05441116566570688
0.955390398640629,3.070253033969743,0.02340332545405542,0.1395277594452622,0.07594748860485506
0.9953043346943202,3.1928600447601427,0.02038949787666878,0.11924581828346127,0.050977507681207596
0.9971799713399973,3.016065659933854,0.020773580160873353,0.12003314170695449,0.05502084746968157
0.976401222623639,3.0184845958414774,0.02264252293678196,0.13740669466114164,0.04377683530689554
0.9697701947255704,3.063020390538405,0.022437829406848922,0.1159515196256929,0.05600095107035538
0.9777111296439475,2.910892712167412,0.022593348416917805,0.13084234984126614,0.058517707797713314
0.9984106101264504,3.059116816791496,0.020999261714635634,0.1155135594368645,0.039446873399422974
0.9898485152551969,3.0297714903919846,0.022721719277997085,0.12958123967073762,0.0450898340715485
0.9979848838982165,3.0322981495753325,0.020941453313393022,0.11559407256558954,0.07999058078821758
0.976605693704329,3.1724420472108683,0.023814105232576595,0.11474859476873994,0.0670823049650352
0.979190039748337,2.964767443054526,0.023843392834989534,0.12467705255699904,0.07385508356702486
0.9443361456179661,3.088515838769574,0.02093401306861944,0.13950326631790472,0.030101102777312715
0.9404557286113471,3.056624165972104,0.021818410164833817,0.13366687743588043,0.04143418544056512
0.9792172975056265,3.155938147131185,0.023255456869258912,0.12628728320918356,0.03716679692540213
0.9761356046655887,3.0643139328879405,0.022788326099275363,0.12588846448658444,0.05293309623685834
0.9660320953212117,3.0613281679251596,0.022189329128251743,0.13068147607730676,0.03379974386599041
0.9434998161408829,3.070961582559843,0.022480856195346066,0.13650406547344576,0.06064323701008224
0.9576086569153003,3.014503787314323,0.021396863620882865,0.11449493779965389,0.04594631663498911
0.9802012624050169,2.900662341132892,0.021972641773266854,0.12137702976870096,0.07832983666880886
0.9676031085985135,2.9984925934184603,0.02390261994937554,0.1198515516877318,0.06365870362382095
0.9527980253311007,3.08284898276009,0.022068088944263153,0.11267197337681692,0.04499272908624135
0.990880067280573,3.1533024308488167,0.021227082311627083,0.1280472311146074,0.0508423850912168
0.9969264837914684,3.1718501619249317,0.023621739064890457,0.12677866474446964,0.05704226475156596
0.955189696770824,2.925029604591491,0.020583534537041797,0.12188432935694372,0.0667460943907569
0.9611373394221328,3.147993067891686,0.02091846906323114,0.11124357678231993,0.041878700109764515
0.962928280830966,3.086099105811696,0.02140047239429534,0.11033407551701989,0.05608497771933729
0.9466432455647977,3.0936897944766653,0.022450001480196588,0.12728632171626028,0.05687978205320594
0.9500276717884805,3.112871628739695,0.022028090950277232,0.1358421037518881,0.05124586350909012
0.9538124094451476,2.943282605740567,0.022962858554614163,0.12528802935898273,0.05710170713799877
0.950937477525244,2.9550923101031685,0.021995606401624318,0.1375619817207597,0.06652445488055549
0.998724887482986,3.078268199531131,0.023192529109328446,0.1384902577281469,0.042291040081642355
0.9432998280729785,2.9797826771189566,0.022710053878692966,0.13895116500262528,0.04061687267092297
0.9504622344118022,3.1897345375559465,0.021790620119940776,0.12040464758491014,0.038848317653806724
0.9738579161472266,3.109360911650828,0.02009535013997758,0.1383175556413132,0.07308352899826387
0.9863642010720026,2.9065593705324058,0.021404892275037387,0.1122126093822925,0.03718010062858585
0.9792713204719198,2.971080399423653,0.020882232173042185,0.12468942804592573,0.03115768616136755
0.9753287709730857,3.0920984137706804,0.023947988721030357,0.13578526692688045,0.05858483735419068
0.9613179301412822,2.953618434676716,0.02362391894593181,0.12679739523567063,0.05650941600187592
0.9961445721481095,2.9118819387765607,0.02045868251461911,0.11647097846486032,0.07122961835739236
0.9993079521068334,3.0978963669805353,0.020360568818573423,0.1100858725467548,0.0794451087590878
0.9880835844257363,2.9770702788704853,0.021370952435618193,0.13156796560532952,0.07125851785346451
0.9636068476522315,3.1992459665539537,0.021367361419515108,0.11544212210414401,0.05647528344861475
0.9764709101109814,2.9229166903870962,0.022237606460353002,0.12998939220642797,0.04198485377761671
0.9654465416417486,2.9867953135628387,0.023602748058039913,0.1146277691015258,0.04072883761634367
0.9454429287466852,3.051456516249218,0.022414592825485646,0.13635769903267966,0.0526633639835809
0.9505603840828335,2.915168135468121,0.02236960609066067,0.11900319866191766,0.06033497621889126
0.9829439556610657,2.909222909212013,0.022344293177714435,0.12310083690816645,0.040461557350373656
0.9686785342027973,2.902932754569536,0.02247418391687591,0.12413432394905984,0.05849872615054859
0.9435434802315354,3.0087759999167933,0.02199090663157686,0.13426966391802228,0.07531093925954915
0.9550883623285021,2.9403019431560544,0.023006742180762194,0.12383130630374177,0.06316605510906852
0.9886341992865135,2.9297122458484397,0.022539957912239086,0.12501140858243373,0.07320725344251931
0.9758872947087076,3.0124411374724676,0.023064686490774457,0.1343058176207396,0.03868150562595997
0.9983284402471676,3.1242371193803016,0.02110768349963812,0.12301800909279112,0.06137668799825393
0.9427325937205494,3.1070303881595605,0.022835766562878647,0.11180638592795121,0.06459531923434775
0.9978889484818733,2.9598099363085044,0.021064342138037026,0.11107783322900722,0.06678384552078476
0.9479804831600867,3.178296941812512,0.023773841533021988,0.13218638225747056,0.05630892300805776
0.9404963106706118,3.102551046128219,0.023770241911339057,0.1290128430915813,0.0548617169629297
0.9545664265780234,2.9337391112860516,0.021822425859746145,0.1315831038238454,0.0642901357497428
0.9482083953146317,2.976457993881187,0.020553194985748213,0.12827572986334426,0.04676721531719481
0.9959448246418691,3.110919594873424,0.022446058334700286,0.12797812124264185,0.0763668245071914
0.9976585755376667,3.0985944722689087,0.02298921423600871,0.12297604636972549,0.03490673228641496
0.9965395219174339,2.9804047930362225,0.02347714248419349,0.12051084810884038,0.03356434116888189
0.9453336537031904,3.16206715418447,0.023797277653379165,0.11390513046553259,0.03561527382002932
0.9936729480574611,3.0394036428872426,0.021271023496219437,0.1365180178554623,0.049777452083428694
0.9745135954939518,3.175357242054056,0.020968244146216366,0.11674918339358908,0.06279214807706676
0.9622438951479639,3.1552490278495937,0.02018704653148924,0.12451603525621505,0.06197174792272668
0.9537088943758415,3.0120263530152633,0.02190609410697195,0.13195136895299997,0.03888777599686805
0.9909884702848208,3.125043736978103,0.02140371748104819,0.1123508580519852,0.0602086024470084
0.9464956280690624,3.1883344861191563,0.023594205780312086,0.11777264941112944,0.04112039480714348
0.9684972558929341,2.9560745839099183,0.022700432938616802,0.11792129253365762,0.06440186377830741
0.9916510535263189,3.008323948793298,0.023940927528929956,0.13748265812227478,0.07676129087894051
0.9598856232034065,2.985638117067339,0.02116408556170158,0.12937361296165353,0.056291236983877564
0.988709310907457,2.9104431598382785,0.02299411000634421,0.12928905943118896,0.04627202346781544
0.9620863104545355,2.9353175885762988,0.023073742926484078,0.12607948309794834,0.07971939414129303
0.9755721756778687,3.175847868045564,0.020101567818923326,0.12810892521594572,0.05397861415775908
0.9423430529251069,2.9891915128951037,0.022163361172548194,0.1288700020872769,0.05598076648872696
0.9528538794375727,2.9145117842850965,0.02283735738909423,0.12940226953476758,0.03591144792700523
0.9952595896406717,3.0194060899872093,0.020168848787505297,0.12229116262633387,0.07864471322165616
0.9556070503846359,2.961239410321986,0.02157980968405319,0.1140410750844161,0.03988354515636675
0.9601349329547627,3.0357190863231622,0.02134624473040639,0.1191280777839244,0.06372258690951736
0.9897668313633546,3.1359203293319493,0.02350743449858803,0.1342775539129331,0.07565628122005638
0.9988543982229394,2.959851102230825,0.02197567695613646,0.13241600933048417,0.04642677648910322
0.9585750247773137,2.9788028166197504,0.02191456901400642,0.13144798691559942,0.06232475842365599
0.9401969755364691,3.1905365721610495,0.023663284494876174,0.12480164385809646,0.05577709133194048
0.9946635983200297,2.93062715857272,0.023146572111403172,0.11688268892106345,0.03854879081434502
0.9598103833642643,2.9767036612794238,0.023681261151430492,0.11396790970000346,0.06988777126529405
0.9500728021560175,2.912852875008214,0.021211163220890672,0.13966095231455133,0.057751104519849564
0.9538438454617144,2.9069403254135686,0.02366038599779521,0.1364432973781804,0.03333367188331115
0.9428355366783923,3.045114135358663,0.022333923166128464,0.1340464067639518,0.036326180396260614
0.9829898955422894,2.9640180812611936,0.022709639611652583,0.11651328043224081,0.0367350479985222
0.955504679990101,3.1932779043567026,0.02166329305025639,0.13559808714685562,0.04511531733486698
0.9425643585938067,3.0815779786296758,0.022999450831994676,0.11771863165943759,0.03240229157125364
0.9577449131759056,3.102662542038437,0.023918899745904363,0.11511846774060104,0.038467660217258504
0.9607662875952986,3.062860351758052,0.021899960900056716,0.12201258906585234,0.030799458678124197
0.9827515881207433,2.9931500034469374,0.02200847553947276,0.11697337807754372,0.05717752636349169
0.982517686714502,3.17610016332269,0.02279099544417638,0.12334007360988108,0.07357439873810817
0.986424953772637,3.190590140685012,0.02004562354925621,0.1377283431413978,0.03578668674677038
0.9802679330388412,3.060355331943381,0.021524303448903992,0.13243067722369656,0.04343540898312913
0.9955419043992078,3.073768223203601,0.02232988127423948,0.11384452555408117,0.05663209157999677
0.9404346255891319,3.1073194418591896,0.021182655126394487,0.11375956003013214,0.04369950764116003
0.958808225150605,3.0085472302607537,0.021093075789349602,0.12840249693320738,0.03982026679233944
0.9465630936592365,3.1245829229990636,0.020932457424318096,0.1262092559152188,0.04257069089046039
0.9523266727484481,3.031836930603193,0.0204792174414982,0.11122931686350018,0.05774165912407184
0.9837411540027238,2.9506238743076585,0.02167035471068633,0.13099806101081157,0.03836829803043976
0.9537716036066637,3.18209246721546,0.023936703187743102,0.11148535809831256,0.03368623030609173
0.9664208396215231,2.9146202077316072,0.02013589072560134,0.12072331445188861,0.054349820722373696
0.956563473698753,3.1703493079356653,0.020185403340469733,0.1350016825787119,0.05235792308497106
0.9640324140380564,3.0367551291363424,0.023367356881781227,0.1382621863891221,0.05022766560460291
0.9985025789029951,3.135456026868799,0.021617759374864806,0.11765840003642003,0.07361760587837148
0.9582134839999956,2.9449945047587294,0.021194732239060727,0.1386514072795138,0.06880058324082985
0.9921804960820211,2.9015075115564466,0.021129848681074752,0.11119461082481005,0.03432478213256683
0.9988605644868342,3.189364591028185,0.022943943894887506,0.1275647280102431,0.03599082576264734
0.9550522438609962,2.9949729601584134,0.021493679031193456,0.11147314025805949,0.04518613850750024
0.9552586782468578,3.13472814203574,0.02072200461738808,0.13394573020818618,0.058964015444185794
0.9766788661733034,3.1865141407654054,0.02320035761638362,0.13121283221317448,0.057859595038175934
0.9477433613025191,3.103505108244182,0.020714592587729674,0.11749393328386412,0.078560000029786
0.9845800554099816,3.124402321282899,0.021834974761967066,0.12962639204821752,0.07352756695577156
0.9644504309286246,2.985383208829606,0.022765869631084082,0.11649016040398484,0.060152585941501996
0.9955669494248245,2.963488665039346,0.020976664153539062,0.12299877104225553,0.06733991896699137
0.9485557320253722,3.1087559329562353,0.020172630336254598,0.11699410687214865,0.07317888610026596
0.9584404034322788,3.0845387166099743,0.020939787020204843,0.11817292907406572,0.039264566598995666
0.9465983432267093,3.00440784525178,0.023730196208378983,0.11916426599456711,0.05312904220695269
0.9733447337747773,3.092794705566744,0.023362226137661403,0.13961634538269385,0.04324709182249288
0.9973899226416854,3.1030254617701623,0.02156610153573575,0.1316364106719258,0.033615676521547795
0.9639990723394876,2.9220627530874084,0.022931345686678282,0.11388942833898028,0.03855764406994722
0.989522383505159,2.989390433374031,0.02260522999924266,0.13135524303479246,0.0727824935900282
0.9685054065251302,3.089116633187391,0.021768943537860446,0.11628439087478919,0.03289464360442666
0.9461271471518403,2.937380990251927,0.021680447191073097,0.12774286418112518,0.04013622413181329
0.9487173187475667,3.1868012770554808,0.022308691860261885,0.13146597196862908,0.03934636624237479
0.990356473801807,3.0353342588599843,0.02085726428454394,0.11575051237255769,0.07793720744569066
0.9979902421177235,3.1551239191189904,0.02126012930260934,0.12406397643569296,0.06853830017584056
0.9812341419434892,3.1198601950175853,0.02034407268511478,0.11276132769192149,0.06005067737249471
0.9625000924128336,3.148899529985723,0.02190909662900839,0.13803723899147757,0.05197440487805409
0.9821249678786586,3.0142254070963683,0.023950653559945835,0.12602938930907986,0.07779078442115334
0.9753090484854157,2.9021864315854358,0.023327183291609162,0.11983662813347198,0.07011881691816152
0.9449924758125867,3.1686023342836194,0.021892339496181967,0.13281332922339714,0.07536055887633564
0.9924651986581858,3.055320763905962,0.0201908949082261,0.13022536553470213,0.035589314376318175
0.9912547157594461,3.108472857107588,0.020637073969300528,0.1261044045441636,0.056208346722383645
0.9735569553482951,3.127283098752353,0.021611148015802852,0.12993146343240541,0.07936815778202605
0.9662786414432473,2.94071901217841,0.0230283382382322,0.13541346332439774,0.04638905526334154
0.9831941163893456,3.0558704773335053,0.02231588643793191,0.12484401165912197,0.0543035846214404
0.9777882046993779,3.0327323186793866,0.02198746810099931,0.12277099955837387,0.06289619910230763
0.9521603519401947,2.90338427571032,0.02201733122099836,0.13323138611779217,0.07262941675035359
0.9782080997815761,3.058889228110159,0.023049119289614724,0.1213086219921967,0.054088987350620815
0.9787447693666079,2.9371313236709757,0.023644367516576503,0.13974633722976437,0.03698033053311972
0.9902325165429336,3.1723187825059167,0.023488710767939753,0.13353068254555342,0.030804703828846283
0.9748642945546718,3.075309917425523,0.02053819436358372,0.12134226900914014,0.07861438783081294
0.9603127299939371,3.1584319341509284,0.020955944026881584,0.1267647819976161,0.06148586410752931
0.945839456721564,3.0999586898399496,0.02253349057954189,0.13438578179909613,0.04023412930968638
0.9524498840835297,3.146790866442147,0.021277245061033814,0.12737033378198537,0.060957714560174264
0.9590784335513475,3.0756361058286887,0.020907823663786154,0.11723071066610162,0.03005789871146956
0.9808771718197813,3.041419927596518,0.02019825272050713,0.11445197666108493,0.0668323330195881
0.9524571002691536,2.9746558015866715,0.02298499017052566,0.13263165516076525,0.07606552675856362
0.9742310459680515,3.047346029294802,0.021456306771587618,0.12865189100642802,0.04429402400644621
0.9718086136042999,3.1469749148058814,0.021027646302263787,0.12151381355165573,0.0628091289945246
0.9979379400442995,2.9364135168806165,0.021976248005321303,0.11644430673339388,0.04071822158205268
0.9729641463983364,3.0410293742998395,0.022499291670850068,0.12392774901458169,0.0700194295044109
0.9846494172678649,2.933932844988867,0.023241321149502094,0.11489082380921943,0.040399234734760994
0.9637560117069017,3.027111681945266,0.021284597186275903,0.11614623975515737,0.05891114822257772
0.9753604484125887,3.1394668866131568,0.02328068134464447,0.13310040787919647,0.07766360757849947
0.9966205535187919,3.184163294112812,0.022517364890212225,0.11491620403802454,0.04312530323195638
0.9499837944291489,3.116631458709939,0.022097706825217958,0.13469293473095958,0.04149535678892526
0.9943309853006795,2.960947101851514,0.02133981976351265,0.12711960234320813,0.06780990948093046
0.9585298736125991,3.0207108896003367,0.023688562478436502,0.13110887957940576,0.04104181985377619
0.9853637131866748,2.9331096759171666,0.023231860271148052,0.1247510019823276,0.03454732323567921
0.9648617000780719,3.192573922041043,0.020077427280755285,0.1149467750548637,0.03898242036462736
0.9776335900197579,3.1799240358127627,0.02043483752081069,0.1282327482918234,0.044518468591209726
0.9583062380237473,3.1207704693487153,0.023983515543178055,0.1129573761710487,0.04463147018685677
0.9733716137953305,3.077894161920382,0.020289745484763432,0.11021750063809718,0.06528134152691292
0.9830960769740742,3.1126974060463377,0.022427631460002668,0.1117011684995057,0.0395826445735078
0.9644489971506186,3.183493500236981,0.022893477379769087,0.1241737474745692,0.07491145134419516
0.9572462889405413,3.027402767099765,0.023534445549361384,0.11658544225004372,0.051276289825959054
0.9935417990454929,2.9590955885596064,0.020877341175567776,0.1355643727982193,0.043348504969768185
0.9446092086202698,3.046955294817868,0.021587561308728364,0.11364940803867905,0.07340852257487439
0.969443935177179,3.167463383804048,0.02089979372229454,0.11848775466163283,0.053065413758019514
0.9836903235384441,3.1792123881061634,0.020665851914625066,0.1276856236279438,0.04126737337958847
0.9751192308215865,3.147856455530144,0.02263010966896508,0.13282005967641347,0.06742613066676131
0.9621943722664353,2.944307178510654,0.022146342242216246,0.11398236463297617,0.07734094565810426
0.945970457244099,3.1191288518989406,0.022081178140944943,0.1309718993937116,0.04260248798133735
0.9948405885369532,3.1163172728611603,0.020469898085949227,0.1280760535025056,0.031814295820214826
0.9507804514243763,2.905340858619625,0.022812372663846774,0.11506136121085517,0.05220386138393615
0.9779441868558544,2.982322252535787,0.02315311924639683,0.13891992872682557,0.04595767867612759
0.9828911183881658,3.148616405098068,0.02114785999287908,0.12216244033460927,0.07500942852074946
0.9461708301211866,2.916917791708612,0.022851542306998384,0.11032677770952912,0.06675942872626424
0.9483049692635659,2.919595594046123,0.022108624226268813,0.1283522949341398,0.06511006797823062
0.9679824727906161,2.9480100927690254,0.022967172241503367,0.12970569554095082,0.04802739184539854
0.956990341311542,3.0380579081205292,0.022120226530695668,0.11857912189570594,0.06952905801219982
0.9406396640690708,2.971946001080783,0.023787487297314953,0.11814342791150179,0.036426473145743835
0.9601257426369001,3.0664610842196405,0.021078617785640862,0.13859434771343174,0.07359598078238494
0.948915576065177,2.9633734569096237,0.02235030308664377,0.1335786907191523,0.054273929250022654
0.9933208902885552,3.1612774964304338,0.020872950101908535,0.13389478836861074,0.05653050176848629
0.9597430140948946,3.1047741675857052,0.0229800832943737,0.13641645356368012,0.06463889954954274
0.9445480495537466,3.1409155724498046,0.020726146122409285,0.13784040746077525,0.06490579206912894
0.9564039403351017,3.0659082568795837,0.022330105717066367,0.1135300080295413,0.03107856799334126
0.971033164707365,3.169858380958188,0.020765812127206816,0.11997704054455273,0.051173612409274066
0.9652798267884334,2.9223297011536076,0.020563041729815074,0.11745151630763012,0.03812619819051665
0.9450532203599904,3.1176653403895545,0.020729443883061898,0.1273996103366008,0.0463056086249079
0.9955089286702008,3.197518176253149,0.02392836931454054,0.12407239873441028,0.07986030241729955
0.9754610221662443,3.0701420432078574,0.020812646249247675,0.11962457867311163,0.076424943535535
0.9729927717197832,2.992285411923978,0.021488580257491126,0.12153003466782755,0.04545936042563654
0.9788141413756157,3.18181045584211,0.022820105183812195,0.12430380229140597,0.06009387531014253
0.9842053867525948,3.083391947618032,0.0203045409419253,0.11576056825840264,0.05043520656438856
0.9849522655843919,3.1595952749211915,0.02141687073813605,0.1239152100670042,0.04159997269814219
0.9925940171148137,2.9677355833871717,0.022279015823029893,0.12499874748626862,0.04560407223716487
0.9709548898878887,2.9507884068261823,0.021084319468905873,0.1169231332558968,0.033301721191613336
0.9459637205708973,3.134492715075507,0.021770044002952876,0.1239717557954417,0.0713576954025339
0.9676782032002119,3.192237299399041,0.023596182251886953,0.12036945416649425,0.07142660178221548
0.9774223404204402,2.917463429383932,0.020463390745223783,0.13937435558763256,0.051502951186956095
0.9925406105132162,3.08491504411691,0.02162891178177056,0.13295366093874575,0.05392651591712819
0.9862553021185143,2.901030875436355,0.020603174112939535,0.12976811583245806,0.03880048927718737
0.9800072708689815,2.90171995842214,0.023795545824437415,0.13382826310814697,0.07460038265162847
0.975985339385459,3.046248676411129,0.0229595149449395,0.12854032317754283,0.04797527331216473
0.9746736852073068,3.0355077103868235,0.02160784618333899,0.12470633837536334,0.07009685198246285
0.9778654401542907,2.9501090637518597,0.021225654026383902,0.11690805931747109,0.07332244892503814
0.9478198257997877,3.034090235336786,0.021319470906943964,0.13355014664499368,0.03207388491831696
0.9941242309501115,3.080738382113337,0.021886942006137767,0.1140132182031136,0.03277671113349948
0.9609640285041314,2.965973047697693,0.023546502571822864,0.1112791142079035,0.03525752045573768
0.9981392161865148,3.066311006046991,0.021900320209644292,0.13199598712817817,0.03610994512698169
0.9554711225018379,2.9949109740367166,0.022112106890223963,0.11202908367081721,0.05794682834705495
0.9533518687917356,3.028162644477227,0.020767333275266087,0.13240404290830401,0.05723186488724119
0.9490187118204494,3.041513188280132,0.022576579001006705,0.12084206937504041,0.03700139396284394
0.9764393148168569,3.1525370937864388,0.021568602971264266,0.12044586822365919,0.06688899700407652
0.984020507738791,3.1859145757538645,0.02062039943276671,0.12257263611485068,0.06686853978978582
0.9871474178995211,3.119366927128752,0.02391591161836168,0.13283345311729436,0.055491913414389624
0.9831615221176587,3.1378611061985966,0.02313543324146916,0.12224992977751764,0.047434879386048096
0.952672493040343,3.14596164323696,0.022755587151446856,0.13629760462714893,0.05439768191655809
0.9488046153147639,3.114271915868872,0.023298851726386377,0.1258417152482614,0.046684402151497634
0.9953207909870125,3.1406192970374978,0.021415570519481026,0.12720138225034663,0.04619138064660212
0.9975282545675476,3.164217050731954,0.023333534974734206,0.1373116648222833,0.04316546525106579
0.9938898393066036,3.0407467811580355,0.02099404776651992,0.13198696376849117,0.05274017852120358
0.9706310596750618,2.9430964986886,0.021212815442950356,0.13910690530922898,0.03892311224049659
0.9457631987857354,3.0787061742176878,0.023144856665184142,0.13402190749485018,0.06836520214481698
0.9544523600592592,2.9742867017021997,0.02227498086496448,0.11784449090701567,0.0417900226375057
0.9929521418908533,3.074843915815769,0.02135517353398415,0.11938064058315417,0.062154958129904604
0.9449599461664688,3.0231724917903318,0.02034377205882592,0.12818113111170024,0.033502401951689714
0.9905044255424025,3.003856288664332,0.021765574373899598,0.13768328078843028,0.045494932415977005
0.9988293406996318,2.975452864539781,0.02232748170696858,0.12782610337536654,0.06414249374041156
0.9421188813513937,3.1376903357662127,0.020891329906537352,0.12562043900360992,0.037750976593237784
0.9622771409604998,3.098154000991392,0.02291466440552531,0.1309458929570747,0.07719407240370502
0.948968112378823,3.081672209784456,0.020592852037872113,0.12316378379206364,0.05970470081694779
0.9621606825885226,2.978632457411605,0.02346534407232919,0.13815618678220395,0.07186830082813858
0.9520558733764727,2.9640952854937477,0.02321767430549387,0.12689075955424567,0.06550861112219028
0.9450330741801615,3.0829686771598572,0.02258015224992176,0.11099588213130725,0.035352656599833186
0.9938166932438546,3.185011191170663,0.02384895990137601,0.11168497367125503,0.07384067811321146
0.9786982257903398,3.158906304133799,0.020996010803341784,0.1295995317972686,0.0763014033017562
0.9702949682112711,3.1641267973325515,0.023857853776319982,0.12508413095888624,0.053798692443745466
0.9703781602843116,3.1690792414357025,0.020888538944408855,0.11051249956025995,0.03353280461430509
0.9944139851754269,3.1281849727710638,0.020781500999605934,0.11426360767104547,0.054435815060627585
0.9619789986245112,3.1279874761432978,0.022582344980980388,0.13017590520618805,0.05200835205549999
0.9900710637529991,3.1218598832871436,0.023455610783198393,0.11619903181477104,0.031566267379514054
0.984505374479183,3.1206264551853278,0.022306050441143886,0.13332910793925387,0.03134332729225923
0.9457188558492949,2.9842366275609757,0.02191850493255171,0.11790611454099846,0.07511696399667539
0.9696858249973516,2.9212110188640747,0.0229372133120152,0.13799743728014952,0.047272357309274496
0.9994849697683684,3.113239834811417,0.02169217012197646,0.11555975962931384,0.05696875517978488
0.9492777141333745,3.0639576304750884,0.021281081752765874,0.13203487092566651,0.06693279626671311
0.9911075481759515,3.147548953169508,0.02198544456696834,0.11260996387784275,0.03984138759453136
0.9657788562297216,3.1477410330075486,0.020799561651720692,0.12647803989703799,0.06225619128691754
0.9803764170073962,3.017046237194953,0.02338266531195239,0.12034443893180473,0.07575074159521551
0.9993431588410155,3.1794025757778797,0.023635937817813212,0.12465037542789884,0.04651988195143647
0.9514435824425785,2.9214621883368226,0.021634259324979924,0.13167041256266504,0.05041428506166111
0.9574589037340275,3.113518375473853,0.023349873264039898,0.12875092090750656,0.030953326654128692
0.9872435743712069,3.012545094698021,0.020606863959235135,0.11729297963431226,0.03723810869733121
0.95817424684088,3.193154023489982,0.021461839439346007,0.11812123118013249,0.07819468237986339
0.9919394519068863,2.9607757935257406,0.021329780950541437,0.12380899597171778,0.0639316619603056
0.9732950889081544,3.020065021449495,0.021558656322036247,0.12155967809589141,0.07002920044314494
0.9409746802544485,3.0866559507740092,0.02173171825440659,0.13462965259738202,0.06762373128572938
0.958902882395554,3.0843676036423626,0.022594384817121678,0.1307720058186315,0.03191186353370126
0.9571961164869836,3.0872487996228117,0.02382176895761265,0.11241656688200281,0.07952098294018056
0.9928548461291976,2.974864848705624,0.02090503076612181,0.13774440662261067,0.03321115858144255
0.980530558080015,2.979032055431714,0.023162486102302416,0.11164498511206634,0.060197073768228804
0.9471573419993393,3.1573176870683413,0.022411588076724543,0.13258392095811355,0.05708410809936319
0.9597827065594083,3.042241525910892,0.022562327190934126,0.12008886289502346,0.06386442581811344
0.9836650992359663,2.9182150469932426,0.023759783354651523,0.1378203104696871,0.03389570270511557
0.9538784244171297,3.141653996889114,0.02318483453808664,0.1326885592772012,0.0684108515776194
0.9977899277033372,3.1546347569805064,0.021427104580391494,0.13091447898305927,0.042923478435419854
0.9817137975829513,2.900067900828167,0.020290486495477742,0.11930026032871495,0.07085510613033033
0.9608948863416205,3.161574582023059,0.021236823478056735,0.11817748551669932,0.04767668964840886
0.9983852406886151,2.997021654709046,0.021952574848271303,0.13863679767578774,0.049982974575834324
0.9460094274387721,2.9620249756570622,0.02130672604755575,0.13335058428921168,0.06894777974783037
0.9765751685528576,2.911258528353891,0.022322286355329245,0.11903999129669329,0.0390476617462173
0.967351595848371,3.1011735746936284,0.023384688370984733,0.13973049958633849,0.03346643297453907
0.9911334558363912,3.1935814942667546,0.02300153201611454,0.13721053865038013,0.0614351900581877
0.9923497630731004,3.180496227008656,0.020254235567967196,0.1363753207770836,0.0328309231870234
0.9857264795199713,3.1162369310335625,0.022686402777507716,0.1290209370133278,0.07262069572230576
0.9523670759080137,3.0556538311988577,0.023449357013993893,0.11918880867723446,0.07240340701200229
0.9534093383179807,2.9572349110689786,0.022130639904700863,0.12081334376812577,0.07503019366007457
0.9588117429220631,3.1344363597768385,0.021863694103724338,0.12198538854162581,0.06434505360898035
0.9476176318097289,3.122157171119541,0.02113821475458038,0.138340164117909,0.07968621422681782
0.9995224230191109,3.1432016719887335,0.02066868320668137,0.13986734471653697,0.059333668858067685
0.9867248896933889,3.0883415417753155,0.02169099373221442,0.1191421628202637,0.04526597920297204
0.9570865564477306,3.1659797192100707,0.02267716697326265,0.13981961660350048,0.06921792451695566
0.9574230477440772,3.183230962698225,0.021449101413883058,0.12627079534185448,0.05715473237790396
0.9904594234958632,3.0858238623735903,0.02311034609036121,0.1266717402240851,0.07963065875563552
0.9806848547195571,3.067708705476712,0.022771873150801394,0.13362801147885053,0.06573228084629451
0.9561637892319796,3.065610244660049,0.023395191596239387,0.1368366858420882,0.06785987215738337
0.9859141975616037,3.025376071409916,0.022622171344751425,0.13238665007138958,0.04172484768986258
0.9717094514637679,3.1586333551092474,0.023523676127293242,0.11605101892346559,0.06543297295095166
0.9570316190322115,3.1453146029287384,0.022399519482508023,0.12336580526858948,0.03097849574609127
0.9771613587162551,3.1049706778263575,0.022938998734285693,0.12707059965113077,0.0747901492804954
0.9525831331733613,3.058260694010767,0.020315674377897646,0.13571674271595083,0.03629735817699095
0.9407614750320454,3.092395147519492,0.02077006472785364,0.13700876886228278,0.07317159530906145
0.9401549800011721,3.1787268699962867,0.023256610280760915,0.13416876782297174,0.05451838211955777
0.9770607383949873,3.102044297019319,0.02318760621971222,0.1184610158082867,0.06425651911757294
0.9713130798237704,3.1585832925365724,0.023324102161110263,0.1113933171850091,0.06451857324879881
0.95553452098021,2.9646488804269384,0.023859371730451804,0.13508038731692604,0.055691452417354764
0.961884870853616,3.1929881096324118,0.020588897839795842,0.11573384612738882,0.04408345910329524
0.95357174310931,3.1160525526639185,0.021548401671275842,0.136974347129078,0.06598020562698237
0.9673856320708515,3.1040483489400934,0.02283252595617535,0.12267050050351255,0.06860313556680392
0.9869708586519009,2.9752634251820935,0.02247226580636904,0.12669129470242826,0.049339612438439207
0.9981889623150989,2.9999152907266162,0.021613089528523425,0.12221458536600056,0.0658301490273839
0.9989011628925776,3.1604084458252513,0.02270239498494149,0.13273399690058488,0.061726229703918556
0.9928142627550018,2.901196613401558,0.023039479973440694,0.11936567405619444,0.04152107962744189
0.9908624779586532,2.9300957602966538,0.021476931229039885,0.12837497187728192,0.04925378946613328
0.9698691422353667,3.0699289762348583,0.02226512416828599,0.12230770734059768,0.0376090649322376
0.9494042631267894,2.98324347146269,0.020200256975355844,0.13522315236602322,0.04277307530568667
0.9702468151529041,2.9261509768371825,0.02069870112445446,0.11315859628997396,0.057014737573434476
0.9937439098409083,2.928042410838065,0.021033402084471565,0.11439518158739656,0.07715844518777179
0.9464674319750375,3.0028666455345587,0.0210765095812762,0.11532109564535441,0.04304594074740384
0.9623753645529929,2.9171406105081252,0.022390714379491423,0.11010395290850943,0.04567212392961595
0.9950909845939794,2.9387643325847193,0.02041862800187926,0.11388232941637455,0.03743183530234457
0.9664319171059801,2.9981598424528197,0.021821607739960714,0.12216980684217074,0.031366422957911345
0.9925885213676084,3.021604649195697,0.0200661888297961,0.12295383291019737,0.05805338336654922
0.9588547402196943,3.034322453301656,0.020787989567357872,0.13990044343890068,0.03842230465387424
0.9418156375475595,3.1581109524716515,0.02219721523406834,0.13655694383966502,0.03554963839713495
0.9534914624925018,3.0885515582098564,0.02395388520174836,0.12880520909767765,0.03731696446312588
0.998218618422372,3.0069972828622338,0.022557504512402633,0.13429309595983796,0.05460887841082869
0.9777603303382502,2.9541576841129245,0.021048040654730114,0.1344632048964847,0.06066640450288999
0.9581137608379058,3.1735719815606664,0.020693018040323325,0.12022154259337799,0.04051435869898506
0.9731118233538071,3.182708206763862,0.02061401574368732,0.12623114483939016,0.05127310252897527
0.97223030348044,3.134831468358877,0.020774622371805603,0.1361210455894169,0.07465276868999794
0.9806779903505713,3.1579475603131915,0.02205402901174845,0.12573226571976515,0.04167181666401233
0.96382813083982,3.0492833847259972,0.021542655452904652,0.13007335706256862,0.07350765696069766
0.9530459268795313,2.969508766715378,0.023614446246634883,0.13313201725090515,0.06271884411893291
0.9855361770771718,3.1188828364334626,0.02001948690330993,0.11007452105782518,0.052154369660908764
0.9701348202659856,3.160051005030136,0.02306797714178954,0.12004947008832939,0.030130184418235992
0.965695308823451,3.0450275416926056,0.0205112829887455,0.13729752042278695,0.04122217796117049
0.9851417107653797,2.9236175737178804,0.023389579986784377,0.13081484493378073,0.032913051727901085
0.9807873991078245,2.9757307058301317,0.021407922268728927,0.11098946811909577,0.050791245524549306
0.9845584359376439,2.9869803117051905,0.02267842603976727,0.1341542648853603,0.07247490141272786
0.9606391975638106,3.0456207450176693,0.0205198877581779,0.12643202985342095,0.037724009318463536
0.9919059206248602,2.938626055689658,0.021230544091266654,0.13395873946173598,0.049812330901508245
0.9676322391137123,3.048501463883922,0.023375281570627973,0.12109811203789626,0.0499659190455338
0.9797132993830896,2.9933703491499406,0.021735243224797494,0.1144777932587857,0.060355920310598096
0.9630617793707638,2.915069378791304,0.020871329677501344,0.11120322558703818,0.03658401158418981
0.9782497448580847,3.0287509922988343,0.022449659675983866,0.11238913289314696,0.04011081653332886
0.9874779555196683,3.191345890035619,0.023088286813428262,0.1289483188442921,0.0331113655180857
0.9784383191703921,3.1447379128168413,0.022336421947756875,0.12614256422162567,0.057496567654078096
0.9575128590592121,3.020259501689398,0.021815667836562035,0.11177911197489654,0.04887017416971376
0.9708821338206721,2.919784757683565,0.022739460161693946,0.12238001719031082,0.06164003637192166
0.9702273561177444,3.0150803112120563,0.02053403097689342,0.1284715239832512,0.07429802332071342
0.9747669129107732,3.1314547248916957,0.020980641530174503,0.114713712963225,0.05395810590605786
0.9572746114719491,2.939682745675876,0.02275240383912476,0.11789200455555587,0.05669406661213135
0.955702121146275,3.0501264347145893,0.023156083446253757,0.1320912169356651,0.0632318341217849
0.9971130666116732,3.1672075919085683,0.021502681471385954,0.1390200735784482,0.05240452915336435
0.9783134388730526,2.966921739510462,0.02023333840356107,0.11324383489611481,0.05173601273112827
0.9961722211502653,2.9884283862372114,0.020604799477704064,0.11673296518762946,0.06968977881917207
0.9542446698471403,2.906107984170354,0.022269744370928157,0.13437181256592168,0.07645545176860531
0.9756535049061347,3.1837964535322234,0.020804422951032395,0.11345135797406106,0.06530298926810543
0.9651453094935137,3.0695011675335797,0.021342827196088925,0.1307755611855723,0.03400127889418746
0.9992706028380849,3.0344204849365917,0.022430415054668883,0.12368336301833899,0.058277592980717705
0.9681284742997024,3.159289991755117,0.022674719895381595,0.11240393293193279,0.056778006572433565
0.9763337246403802,2.902441799056342,0.021560086214444357,0.1254773205707158,0.042376241503820494
0.949238074255539,2.9347166567178213,0.021705819606085985,0.13274647998537203,0.037840247257188604
0.9945675517170549,3.1985527824792466,0.021344537604000756,0.13543738721879572,0.061757639082017285
0.9801046285735255,3.146279390532603,0.02281970527346695,0.13595601382296568,0.07145553022979684
0.9411220931889558,2.939328597282047,0.02116281704531786,0.1299080401812898,0.055325586937471666
0.993568271205761,3.1599275086734613,0.02264972920637659,0.12883103783605016,0.05111132242335362
0.9429344729386437,3.1679176842556,0.021732086503263092,0.13302120176535345,0.06811982792672747
0.9566435823444307,3.1715918867705466,0.021072293545649403,0.1393910605908509,0.07139831116420668
0.9875358106274448,3.0198364502475457,0.021333187571771984,0.12455894719786545,0.04215879118335726
0.942173516380991,2.951318786782649,0.02151196744963467,0.12032339001766859,0.0723994335414761
0.9493808713051457,3.151868050529273,0.021154619171656647,0.13591742004982452,0.07961273038639721
0.9563583428745707,3.138359398501799,0.023008731357601564,0.1331296298688285,0.031187507453507592
0.9505554111508249,2.9214428330674287,0.02175480297873064,0.13662834617146236,0.03544909848611259
0.941206492321871,2.9697940418180284,0.021594496026223663,0.11935632907440927,0.05389016011361267
0.9928864074751838,3.155864166357465,0.020839394420657045,0.11809520845040695,0.056420624002797584
0.9651943386460579,2.974414779440031,0.02087843221277037,0.12472483283444763,0.03210130891151297
0.9999028323186162,2.9881389769319826,0.02101237294937713,0.13711335670444696,0.037794134366927294
0.9701089439359714,2.9735748918391436,0.02015275871123268,0.13879391590250628,0.030939217391722
0.9995720816916159,3.0925196979052374,0.02316756108753246,0.1349769871067284,0.06170631582324334
0.9472176916303475,2.9042379158229448,0.02273198600811638,0.12338983266166037,0.03308899247129633
0.9785659060447736,3.0074376902783433,0.023630074385144875,0.11986430004304337,0.0495162350037618
0.9785016845432025,2.968057811957871,0.02266571729933237,0.11598557688694262,0.034379761751079776
0.9658612450134092,3.1113173250681974,0.02165596438157006,0.13754844107636394,0.03260165977592521
0.9692158502398338,3.183032422171575,0.02193786209443151,0.11067852473001602,0.05508035183665416
0.9626591387183301,2.9419920062232316,0.02281455342332837,0.12515827056787307,0.0798960526394516
0.9706211462196854,3.09567482797401,0.020595340697055462,0.11859545376159888,0.05308813145645732
0.9619488354846925,3.187149025185655,0.02056069890988629,0.12361996341079393,0.07110953815754248
0.9695426869307568,2.9063937149537615,0.020788587302218532,0.12979163920668485,0.07901578362139612
0.9468949776894449,2.967124177671913,0.022397361267952987,0.11012130608287388,0.07216164133399278
0.9637040210801748,3.0775414728457275,0.020710345125672425,0.12271915194646743,0.0779175470243608
0.9714376547220086,2.952645252472893,0.021452162275509355,0.118254246968834,0.03805937224838829
0.9536640252157176,2.9102645668945675,0.021538722619237227,0.13025260130307892,0.07918507778610512
0.9469375425771066,2.9766078532922253,0.02265004647652437,0.12613952154187347,0.04751533558511807
0.9653535385134548,2.929222921555597,0.021809717323814135,0.1128145185384965,0.04191429513248708
0.9849719981781802,3.043724582069794,0.02351707182072462,0.1287354053734868,0.04948394303989602
0.9688037902380405,3.171163091452927,0.020159022071851402,0.13561955424179967,0.07024977799516835
0.9661388364033718,3.1258822559566304,0.023182904383525778,0.12798955988776686,0.03217419413534426
0.9433765377580255,3.0797473772094524,0.02173822053802429,0.11626551154849098,0.05160064458675789
0.9442346637550102,3.173952404739188,0.020837216148985507,0.134499333344357,0.06430459516827325
0.9622209010037533,3.095751075490264,0.02278618276126049,0.12595271747839487,0.05465692925210562
0.9558242797331614,3.1203858604171706,0.023202346035592243,0.11526465166167264,0.051048021699257484
0.9879599059775237,2.9816123579551053,0.023975203452833715,0.11358668731677198,0.05211343915218421
0.9462613344123906,3.1091149032225407,0.023484878658462164,0.12941959273557457,0.030248889824909305
0.9956766720060265,3.032579103450854,0.02061927032741918,0.12232089000566385,0.05149231024713945
0.980468034170987,3.0513102786894026,0.0201411826366982,0.11654011595106992,0.030090175327381227
0.9545173241374375,3.131812832777829,0.022494160719854748,0.13010319956451707,0.039504094542270315
0.9964321530461169,2.9905045184744923,0.021170010154538694,0.13252950077645181,0.03600412900809641
0.9928942896799143,3.126212494941386,0.022869043661084727,0.11861318366114569,0.04687012299002197
0.9759519060932447,2.9446462032271454,0.022464807652698676,0.13968986659239263,0.04411632328333134
0.9902135128510209,2.917651746813671,0.022408672085509784,0.1383548468864949,0.0630064670765994
0.9617162039017428,3.160727222391462,0.022026623704396918,0.12241954242384964,0.05319161005376412
0.9849259986623228,2.938195907376442,0.020629765166223585,0.13132688980573243,0.03917438596512725
0.9996372076851594,2.9775100549823414,0.02049836005946873,0.11834710043735094,0.03861438755273272
0.9723201351116812,2.9959187734159514,0.02022373697214649,0.12351166064954264,0.07079443694097523
0.9604420014246215,3.164380756345072,0.02371122482987488,0.13832665041240677,0.07332574710535544
0.9870905741963183,2.970721970684955,0.023125039259968713,0.12710425035452383,0.030356742743300427
0.9755881278783576,3.1999697720630094,0.02229310181372728,0.1378878323796346,0.050115461745736486
0.9467804723464812,3.1504452819887314,0.023925004666345315,0.11351788211607797,0.05966415840493827
0.9960146310589504,3.106826708714368,0.021592864670587172,0.11470072097633967,0.054903719467298266
0.9470617239952022,3.028405996947832,0.02355225566457548,0.12857976890077472,0.05330350233886773
0.9686812456655771,3.1575114204228614,0.023870779582386672,0.12075077294131487,0.055308760818022946
0.9931871907158636,2.94878987179672,0.02098316036034281,0.11794119039231986,0.06627435343993691
0.9613691367563436,3.0452756012968796,0.023764749497984624,0.12261026498041436,0.031746354495664465
0.9717269371317401,3.1293584031318074,0.022483544411946693,0.1254848624148195,0.07177375391139915
0.987918457006442,3.0810142344219797,0.02102309696587954,0.13852448370349107,0.03584717899141707
0.9605996325414246,3.118197481256256,0.02302295578872194,0.1390704147270059,0.05181324956193724
0.942852567215331,2.9245307663512157,0.02124378491339825,0.13932154770657088,0.05783981205809856
0.9430502389368108,2.95552012560687,0.020348642708795606,0.13573132537322125,0.07083771926121908
0.9496780818814513,2.9242081711340253,0.02007375078566911,0.12235756200217675,0.06984242209116509
0.9675948644615061,2.9538984351921465,0.02077795046335719,0.137777597337625,0.03500243479726253
0.9991900737055533,3.111576861428326,0.022135009259853955,0.12359339901856645,0.0702740952605595
0.940857189355543,3.172235025817728,0.020515198147234688,0.11529524267238307,0.06125615916797992
0.9485204486237294,3.1797880927061497,0.023742783779856388,0.1322186866875061,0.06388352270817572
0.9568460780191029,3.0963061180498994,0.020972959643881333,0.1387211225978915,0.05018783309133895
0.9643256159378223,3.1079651907351544,0.023357509432618377,0.11554559587844088,0.057662524296455436
0.9500151242124093,3.182455643017455,0.022187106111369214,0.1130247158115556,0.05817427008487268
0.9754047023691066,3.0910061249127043,0.023361167189690318,0.11997131700800993,0.07993137156453312
0.9811016357627277,3.0904428785441524,0.022145730247863243,0.13495836207879092,0.05459984095069165
0.9608576813367768,2.9960027906921147,0.020182014364494492,0.13922323704118486,0.0729459454055426
0.9556606687163226,3.19845082798355,0.022949332760781014,0.11922968994570662,0.05489877377032314
0.9646052269081028,3.008900405408527,0.02325844986044382,0.12051827485263189,0.058765242158235836
0.9938480223583295,3.057681099884865,0.022056805683826192,0.13689635991966317,0.04114710092749583
0.9810908463081072,3.1415959015769417,0.02350463344058291,0.12870818382255347,0.04652597448978539
0.9413411377852502,2.9077259545387153,0.02333794207813984,0.13492620518182838,0.033365649912297006
0.9514721858138042,3.1645293731759603,0.022909271049880445,0.13291063883050208,0.03650428460807208
0.9437427495660105,3.110248568618111,0.020012590152700627,0.12144833089101863,0.039454365078206634
0.945183720063433,3.1364691099558133,0.02017419997780295,0.12010412074317363,0.06456425292274445
0.9468404553116829,2.997483042103095,0.020292588796021076,0.11946724723809439,0.06902123016208415
0.9722885664029197,3.0595295392666984,0.02241229421823065,0.11862638821524746,0.03780318787742114
0.9522980684458726,2.9859864717084776,0.02305215694485003,0.13687067977338996,0.05298497809848804
0.9966686498383781,3.105821595046669,0.02289190719287834,0.11518529735590423,0.03235185342336782
0.9500815076457181,3.1232012149189288,0.020365047195428775,0.1308023385568043,0.03708780138782927
0.9730269306122474,3.0428191195836547,0.021362878925533468,0.1327189324115125,0.058148011732437985
0.9674678427796954,3.1031200712587417,0.020948593188135047,0.12763876316723735,0.03649600232000685
0.9977682307452788,3.1924847937375973,0.023582131917616014,0.13441021561933056,0.0772726294249674
0.9636163582761286,2.945094739110714,0.021217510258710895,0.11278145022587091,0.07259966569667198
0.9978260380701969,3.187273429251036,0.02157414388480803,0.11852986167943376,0.07703393908529588
0.990033195296849,3.0667159680393525,0.023565491944547694,0.12077642965237059,0.040695706947067666
0.9941517630232972,2.9172669623785388,0.021695326163501102,0.13247335005666613,0.0484726123967317
0.9913677891727388,3.0531076311305583,0.02255172871646265,0.13043482713173146,0.03938825482955451
0.9574740958119481,3.1903219205323796,0.023715881104035788,0.12054422929626361,0.0534099708124013
0.9991412840607293,3.1066929238165226,0.023561243121336225,0.1249158072308066,0.04795858298360617
0.9554251517272216,3.1391868901574607,0.020206903484437707,0.13103632159436587,0.06826719886791749
0.9964283852379268,3.1314493661110694,0.023978327749167763,0.12342199652266217,0.07685924363339602
0.9495226885756406,3.089690055038489,0.022816333013382598,0.1182695239760646,0.05659943146341402
0.9638566991777993,3.1003239501773,0.021677305961421835,0.11070909673015232,0.05075784835925884
0.9518106823528639,2.9666025441692754,0.022986702583026576,0.1300009133043132,0.03912325299091295
0.9789016204365897,3.094482953899651,0.02050673874859138,0.13525230854553905,0.06783092417666323
0.995612122968626,3.141244676450708,0.021584366805906217,0.13724352425036626,0.0501307288353853
0.949693344788282,3.1945873732186283,0.020242605616857253,0.12785046982698325,0.037335658733753135
0.9563134805106405,3.193700186929134,0.021857650645414357,0.1356449666345394,0.04837069844528957
0.9497960646139375,2.9758371685985585,0.02318101751820698,0.13668608024899917,0.05206304189035414
0.9460445612102135,3.129066997684112,0.02041036448401197,0.13894640416953163,0.044674676851119276
0.9588811150122339,3.1772232725264247,0.02275689429977478,0.1375818323461998,0.045406466122733115
0.9805699138215216,2.9008152451193885,0.02225027332765196,0.13473823636470592,0.07745830119771444
0.9635000572399293,3.0728506696048554,0.022672949670510166,0.12674804117533034,0.046457259988512536
0.9640116851655559,2.966376502915655,0.02296574667729218,0.1312744710681702,0.07518385003573555
0.9485097325472207,3.108896551525068,0.02024750655523173,0.11990057127115453,0.06817849496592829
0.9425031685291175,2.935039752028016,0.02250652634947261,0.12209708407735811,0.07080060372415212
0.9673283463215823,2.949344857139892,0.023266862777964054,0.13671195081165968,0.07088489239591125
0.9707265573091436,2.9391292835358223,0.02246111878355162,0.11906466999374826,0.047029153410733174
0.9680351096772989,3.1741690769619644,0.023550828401488828,0.11977318224396913,0.0740057018643249
0.9866633327180739,3.0054080865732544,0.021850491214160557,0.12007223379480557,0.04892056133619305
0.9677631078303057,3.1298077519910232,0.022172588967478125,0.12126051794957814,0.03585722817061768
0.9589515218106699,2.951968596674369,0.023536946808472424,0.13290128913681634,0.048141302970003005
0.9629817345563564,2.9793124102195376,0.02052039794591274,0.12116498944129982,0.07313668427168686
0.981575874553916,3.061819314387094,0.02211564204475282,0.1296861980861154,0.06502566542008203
0.9958036828221167,3.101896212217561,0.022925452546751077,0.12565764113811595,0.06575060805395255
0.948632931692962,3.087169803022244,0.023556758249412835,0.1329416572012464,0.07691935371290547
0.9562698890540638,3.003185448918306,0.02332196126186794,0.1346437637781394,0.0433658782943506
0.9775907495101638,2.9857179129501787,0.020228490547793968,0.12537017756371654,0.07670701652336293
0.9974810145640564,3.0416963358664577,0.02230000188113053,0.11321542385073452,0.04598128521468838
0.9510624349828345,3.1201035363846237,0.020428977987497075,0.12132565396031784,0.04655238312380526
0.9528280998220322,3.091107969537269,0.0218262303748945,0.12917614424224447,0.06412294705228026
0.9702051762927801,3.1747884688632992,0.022657784013770704,0.1121603457143841,0.0459196958175196
0.9819192743625298,3.1889545207613477,0.022888737710270293,0.12177189944000606,0.07298551633514039
0.9677912338495124,2.915514439202503,0.02345162767506545,0.11292915409104388,0.038298168920952086
0.9689022639996454,3.14503456110014,0.023481499426813733,0.13353788916516462,0.057570602685833194
0.9775320105472031,2.9865673152457517,0.021235278824905675,0.12592542270603713,0.05059656283291453
0.9819425101655219,3.0460058702211765,0.021131936432835712,0.12283233500878157,0.04214785502630426
0.9547127874794514,3.123723655742252,0.021803834307908995,0.13671776209110326,0.04319344207057084
0.9806337554690749,3.0386541441685053,0.02255807539093285,0.1284575928246068,0.06972706710569279
0.9603893542797596,3.1023713844197527,0.023391528347546098,0.12753938780356347,0.043497784700156125
0.9720404184892995,2.9267069095400204,0.023729115572722965,0.11477714097173015,0.06438505562844204
0.9864917488732093,3.1649488292847194,0.022438602876106793,0.12538212385261513,0.06704630648268786
0.9712024244216833,3.0520827432376483,0.02119074165566258,0.13738845367105088,0.07507134748227168
0.9865593838505792,2.9812454953874217,0.022746720834871156,0.115707176836704,0.053908136521218786
0.9735797494341738,3.037228973938401,0.022151885325193157,0.1299706196278935,0.031933669392375616
0.9989932988879457,3.0673631356300515,0.021714378469566035,0.13326386470976756,0.06498419220526697
0.9428163876539236,3.076451832842535,0.022543164548424352,0.11019922845416844,0.07569869519493808
0.9844433475103456,3.096928268315168,0.02016063523673678,0.11667320066553033,0.0405981604169262
0.9693186063160545,3.114490470209815,0.022725550938364137,0.13889262897204313,0.0778297577923048
0.9541643762272666,2.9689510850165615,0.0221809439039425,0.12423839978971091,0.05302157536212472
0.9426482682736235,2.9938853770475906,0.020130173498782745,0.13016544034726235,0.05908766736718275
0.9766454581223599,2.935222795692823,0.023439308165255093,0.13410909314502026,0.04503647640947864
0.955884120813877,3.1449207131158183,0.02361261927537609,0.13766911949148408,0.07762043116653905
0.9685616864574521,3.09027398018797,0.023768943926704977,0.11160527942134678,0.04401583984657073
0.9673917093794631,3.0135957611958295,0.02142273380873451,0.11694148372547086,0.07152370610819031
0.9425968664848514,3.018798474355701,0.02149185799497846,0.11332107009866459,0.043106888204173174
0.9999349615500422,3.087840124938099,0.022224100548346813,0.13536885235878912,0.04430538211951063
0.983298978622592,2.916766289383932,0.02151927822011569,0.12554076099555847,0.044133469735525746
0.993586329257982,3.1677546958071736,0.022831537126158975,0.13119017469999011,0.07508387995867913
0.9944492692757865,3.1784643171384,0.02063238262324097,0.13744084334939266,0.0606926151679026
0.9690482768774998,2.923228095256298,0.021650210453061442,0.1320784862745344,0.07410341272165594
0.995395065717168,2.9840857029494767,0.02069499867647885,0.1255369969054536,0.04473855786051103
0.9998245084055231,2.9799798567136673,0.021337673902931016,0.11417489868532807,0.07062857906837586
0.9785854069723414,3.166936155133506,0.02085390381431931,0.1113510324586554,0.05941510287210379
0.9918291707008823,3.1769360727583282,0.021421472055569015,0.12410247878115249,0.06134809871097952
0.9967377786639785,3.047455131576434,0.02114400846240625,0.11136614293459904,0.03217823093986484
0.9751516335932663,3.1302550027456055,0.02334214420681237,0.11323198441239463,0.07683994805864017
0.9616567219823933,3.0212614048883264,0.020992598908102955,0.11486894005125228,0.037289849260984234
0.9529728006582785,3.188295832385614,0.020758084268207227,0.13809065141439356,0.06244647772845578
0.9534698353481159,2.970521466268792,0.0205282735852484,0.13399857040093224,0.06309619396742777
0.9555565629330622,3.04457214437404,0.023704528357726327,0.11866912940381441,0.06633625726669035
0.9501285162530465,3.1916802580274464,0.02247915048576461,0.127457702612262,0.07301949296286728
0.9994280557690327,2.948432707163705,0.023288044210355165,0.11211080319782485,0.061217324361516515
0.969606186810087,3.1100367253693255,0.022230151714379625,0.114323153741944,0.05303468460426415
0.9799656030125317,3.13093936546506,0.02351028100528984,0.11264302221725543,0.03542495688389359
0.9550153661759524,2.938060307513588,0.023939827534167266,0.1343173070593588,0.03907480125789247
0.9841680950949383,3.0842017711818506,0.021541035960466588,0.11333943139205088,0.04710985417613813
0.9656558590651705,3.094363962200934,0.021879498597141694,0.1302858923297887,0.07955150300447864
0.9934510468007273,2.9179434868005156,0.02053001333339708,0.1292123566675219,0.05447307579579062
0.9997423073428335,3.0634963599517366,0.02240363913353745,0.12442066686228964,0.05553351218998272
0.9557646872425105,2.9041424377930656,0.022990847604831156,0.1396003492137045,0.036629912948842706
0.9571062174751537,2.9368002798851727,0.020732211534833542,0.11306242962119607,0.04612166884979455
0.9762712996167603,2.9732162386546523,0.023999358145640984,0.13554469723372092,0.061284900601331044
0.979916847472694,2.942787565000612,0.02076095080047098,0.12331885264347124,0.059843882814493626
0.9632835242873161,3.162344346545643,0.022204526660661205,0.13552562084738073,0.06661368400492393
0.9825840698370426,3.047862487796404,0.023882696079114005,0.11042459836672854,0.05932287351300823
0.9541187821877244,3.180538343404819,0.02143455672488032,0.13172683094984144,0.043055558130503296
0.9841267706532087,3.1555822683098236,0.021810685021399406,0.11336459999198158,0.07642963682861698
0.9789345688936668,2.9611224842510855,0.02334067833740573,0.12195164450639256,0.04721207680336015
0.9683008466492683,2.9778178325732783,0.0238752488731795,0.13005175491784798,0.0728024264273893
0.9520228960335421,3.100981874806102,0.020847929689376946,0.11832432569791383,0.03429521034412583
0.9590017537446608,3.1968473525188235,0.022843426512150485,0.11188912749663016,0.05991490853074252
0.9773785426978651,3.123108868733507,0.020832623151468964,0.12767402993675536,0.07886939141503385
0.9594439449951411,2.9798464567749003,0.0218738866995614,0.11509338849936948,0.04118080608766569
0.9408906731821983,3.019342766183914,0.021912740792345408,0.13659416778679828,0.0521758266239873
0.9441647655696817,3.1795959992000533,0.02138398935403592,0.13003400668437504,0.07515289366586311
0.9881854071376235,2.9637631931302626,0.023638932435361342,0.11953326880649187,0.04741535347559733
0.9579686074577263,3.1575635718115542,0.02250900764781543,0.12655317398853425,0.07476212081282466
0.9437561753644566,3.197266329337103,0.023812580198642012,0.1356843384538872,0.032078761180443546
0.959499739492046,3.0337744406685148,0.020015057906295913,0.11736724189418808,0.061225872078459295
0.9596021539415596,3.0199681799036866,0.02291163083060835,0.1195754083406902,0.05981974827132351
0.9406134073772823,2.9654247782106284,0.020769220360703076,0.11248432291715388,0.06594909649157772
0.9466823774626472,3.076745271281057,0.023961279217509734,0.12450262551624065,0.052047355806655995
0.9763871483986555,2.9851011299850323,0.023370774757042412,0.11497222218491597,0.06986249183879603
0.9812154058944194,3.1382749093662863,0.0235758801244468,0.12893111212312097,0.05224854931114993
0.9618572940941531,3.0684499143415396,0.023154427699122435,0.12012250744717197,0.03940187709955446
0.9691586806675642,3.1851768818998156,0.02203468672437437,0.11829125396421672,0.07841993950976923
0.9660592696619986,2.9316757395675235,0.02064827608690333,0.11731737071930715,0.05996616379900789
0.9735028752584829,3.1180816035728545,0.020662707101224944,0.11501981193465147,0.04106936539888059
0.9566540200667949,3.0995377523103644,0.021512452477702608,0.13201941206163226,0.03912712173876922
0.9941927578486608,2.959324429579297,0.023545978829307944,0.11117153506684349,0.04426140273823785
0.9824852453961298,3.1616516733558893,0.02212240661277298,0.13626960602377164,0.0503769759024416
0.9981632354744098,3.00271968498429,0.02266857491687611,0.12178247907799125,0.04723502097074163
0.9976687437259243,3.07436788577045,0.02078242461310467,0.13921521698966097,0.046128525238910006
0.9849067697094123,3.063854899403456,0.022748219734984948,0.12489120958808148,0.0688668291331269
0.9478808367466451,3.0221653604432337,0.02049717425636887,0.12213338061072508,0.04420271781945609
0.9515438597011252,3.170069887998352,0.021356810390208127,0.1258243887223453,0.06647260719180864
0.9892608493086871,3.0850003231489778,0.021069932869645907,0.1294880870116902,0.05706228642976806
0.9813377440128377,2.940847887185293,0.023807001296388262,0.11682192620298334,0.05852805744319778
0.9508212586042509,3.1950073165046824,0.021749454452836416,0.13389848816334368,0.040882347033240486
0.9769029056294358,3.0697655991170625,0.022260427270808916,0.11299140431635207,0.053217283009758684
0.9742289363760277,2.960477157867522,0.021533517857256972,0.11864552385445679,0.05473627830159851
0.9840098665138406,3.0888508484555093,0.0207543713412884,0.13123270293094047,0.05380799146574394
0.9794357021729022,3.0462883120593083,0.020127731342908364,0.1359433047350715,0.031116611570573178
0.9875962103426952,3.110382429102071,0.02156371381210044,0.11093035267143937,0.07629961269643029
0.9424296978116554,2.94389398380222,0.02118075924730131,0.11769230520159778,0.0626116701499024
0.9974583168409611,2.964935890908644,0.02330203115518397,0.11842494949028391,0.06995893961465532
0.9672666784042544,2.9286935770416918,0.023406319087305876,0.11566842072286504,0.03234685342114075
0.9578115685775683,2.9332982096276936,0.023640027897411327,0.13186102423887572,0.04270981026375091
0.9607012311349105,3.1544251956118523,0.023224371514138063,0.11039990746445148,0.031041628415163385
0.9826512478612056,3.096447995635734,0.02257526098247728,0.1306978999446653,0.060916101303432446
0.9903865975889427,3.124353597899188,0.021255669306063686,0.11884439884402732,0.04383797730566959
